article,comment,is_positive,thumbs_up,thumbs_down
Kolejny zwrot akcji ws. Ronaldo,"Jaki ""zwrot akcji""? 
Nie ma żadnej akcji, tylko medialny szum od wielu miesięcy.",0,0,0
Zobacz tabelę PKO Ekstraklasy,Mamy wyrównany poziom na dwie kolejki żadna drożyna nie zdobyła kompletu punktów.,0,0,0
Krychowiak oficjalnie w nowym klubie,"Niech ktos mi powie jaki jest cel tego artykulu ??? Wszedzie gdzie nie polezie jest sadzany na lawie, a polskie spoleczenstwo z niego gwiazde robi....",0,0,0
Krychowiak oficjalnie w nowym klubie,"cóż, troszkę smutne że Loko kupiło go za 12mln a sprzedaje za 2,5mln. Bo znaczy to że Krycha nie jest tak cenny jakby się chciało.",0,0,0
Krychowiak oficjalnie w nowym klubie,Poza Rosją zerowe zainteresowanie naszym gwiazdorem ?,0,1,2
Krychowiak oficjalnie w nowym klubie,Brawo Grzesiu! Po udanych Mistrzostwach Europy ten transfer do klasowego zespołu po prostu ci się należał!,1,1,0
#dziejesiewsporcie: Polska ma nowy tenisowy talent?! Wideo z synem Janowicza zachwyca,"Ktoś wie, co teraz porabia Janowicz ? Jest z rodziną na utrzymaniu tatusia-biznesmena ?",0,0,0
Nieudany transfer Pogoni. Fin odszedł,"Niech Ronaldo kupi Pogoń  ,nie pożaluje.",0,0,0
Nieudany transfer Pogoni. Fin odszedł,Jaka pomyłka jak rozegrał az 49 meczów ?? Po prostu ma teraz za slaba forme na pierwszy sklad.. Moze woli imprezki:),0,0,0
Nieudany transfer Pogoni. Fin odszedł,"Przecież to klub samych pomyłek , napastnicy Parzyszek i Zahović to też pomyłki a za chwilę pomyłką będzie można nazwać jeszcze kilku a nawet Trenera , co nie jest wykluczone.JeśliCzytaj całość
 klub grający w Pucharach Europy przegrywa wygrane mecze to jak nazwać klub?Też pomyłką?Co za dureń w tym klubie odpowiada za transfery?",0,1,1
Kane nie stawił się na treningu,"Jak był chciwy to podpisał długoletni kontrakt.Gdyby zrezygnował z podwyżki i nie podpisywał go,to teraz odszedłby za darmo i odbiłby sobie zarobki w nowym klubie.",0,0,0
Kane nie stawił się na treningu,Parówka....hajs hajs hajs hajs hajs hajs hajs haaaaaaaaaaaaaaajssss,0,0,2
Raków i Śląsk poznali kolejnych rywali,"Ten portal to dno i mam nadzieję, że młodzież z niego wiedzy nie czerpie! Po 1. Śląsk w ewntualnej 4 rundzie będzie grał z PRZEGRANYM z eliminacji LE Rapid- Famagusta a nie wygranym, PoCzytaj całość
 2. nie będzie rozstawiony gdyż pierwszy mecz będzie grał u siebie.",0,0,0
"Legia wie, z kim może zagrać o LM",Tresura perfekcyjna :),0,0,0
"Legia wie, z kim może zagrać o LM",Lepiej juz trafic nie mogli. Nie przekonuja te Balkanskie ekipy.,0,0,0
"Legia wie, z kim może zagrać o LM",Patrząc na grę w dwumeczu z Bodo i Florą chyba najbardziej optymistyczni kibice liczą na sukces z Chorwatami.,0,0,0
"Legia wie, z kim może zagrać o LM","Dziady i pały i tak odpadną, hańba dla Polski, biedaki, dziadostwo, złomiarze, Radom ich bije, pacynki :)))))) Buuuuuuuuuuuuachachachachachacha :)))))",0,0,0
"Legia wie, z kim może zagrać o LM",Dinamo nauczy ich pokory i tyle z tego będzie ,0,0,0
"Legia wie, z kim może zagrać o LM","@mokry 90: Gdybyś przeczytał artykuł, to byś wiedział.",0,0,1
"Legia wie, z kim może zagrać o LM",czy Legia nie powinna najpierw wygrac jeszcze jednego dwumeczu ?,0,1,0
"Legia wie, z kim może zagrać o LM","Zaparzamy kawkę, kroimy serniczek i czekamy na ""i tak nie awansuje!!!!!!"", ""przegra 0-8!!!!!"", ""buachachachacha i tak odpadną!"". Start!",0,1,0
Koniec bezrobocia Leo Messiego,Czym się różni biurofaks od burofaxu???,0,0,0
Koniec bezrobocia Leo Messiego,A ten Messi to kto?,0,0,0
Koniec bezrobocia Leo Messiego,"Nie wiem skąd ten zachwyt Messim? Dopóki reprezentacja Argentyny miała solidny zespół, podobnie jak i Barcelona  Messi doskonale wie, że poza Barceloną popadnie w niebyt piłkarski.Czytaj całość
 Christiano Ronaldo, który odszedł z Realu nie zawojował piłkarskiego świata. Barcelona służy Messiemu bardziej do podtrzymania jego legendy. Prawda jest o wiele bardziej prozaiczna. BARCELONA MA PRAWIE 1 MILARD  200 MILIONÓW EURO DŁUGÓW - Z CZEGO 700 MILIONÓW   TO SĄ ZOBOWIĄZANIA KRÓTKOTERMINOWE.   Barcelona nie ma  zespołu, nie tylko nie ma zespołu, ale i pieniędzy. Uparte trzymanie się  Messiego to droga donikąd, a dla coraz bardziej zadłużonego klubu  jakim jest Barcelona - pensja jaką wypłaca  argentyńskiej gwieździe jest dla samego klubu rujnująca.******************************************************************************************** 
Pensja Messiego budzi w Barcelonie kontrowersje w okresie pandemii koronawirusa- ponieważ reszta zespołu wyrobnicy - musieli zgodzić się na obniżenie pensji - NA SKUTEK  DRAMATYCZNEGO ZMNIEJSZENIA PRZYCHODÓW I ZYSKÓW. . NIE BYŁOBY W TYM NIC ZŁEGO, GDYBY NE TO ŻE ZGODZILIBY SIĘ WSZYSCY, A NIE JEST TAJEMNICĄ, ŻE MESSIEMU NIE OBNIŻONO PENSJI. LOGIKA PODPOWIADA, ZE RESZTA ZESPOŁU ZRZUCIALA SIĘ NA PENSJĘ DLA MESSIEGO, PRZYNAJMNIEJ CZĘŚCIOWO. 
Można tylko spekulować, że wyniki Barcelony biorą się stąd, że wielu piłkarzy nie chce być wyrobnikami dla  argentyńskiego gwiazdora, zwłaszcza w tak trudnej pandemicznej rzeczywistości.",0,0,1
Koniec bezrobocia Leo Messiego,"Redaktora trzymają się żarty. Messiego nie chciało ani MC, ani PSG i żaden klub nie wyrzuci w błoto 20 milionów poza Barceloną. Miłość do klubu nie miała tu żadnego znaczenia.",0,1,1
Koniec bezrobocia Leo Messiego,hahahahahahah sressi i telenowela brazylijska .jprd,0,0,1
Koniec bezrobocia Leo Messiego,"Bzdury. Jeszcze nic nie jest pewne. Wyssane z dziennikarskiego palca przez autora artykułu. Będzie to wiadomość dnia we wszystkich agencjach jak coś takiego się wydarzy. Ale jeszcze nieCzytaj całość
 teraz",0,0,1
Koniec bezrobocia Leo Messiego,"""półfinale z Bayernem""???
Nie ma to ja rzetelnie napisać artykuł i sprawdzić fakty.",0,1,1
Koniec bezrobocia Leo Messiego,"""Miłość do klubu okazała się większa niż finanse.""???",0,1,0
Ekspert w mocnych słowach o Górniku,"QUIZ: Ile magisterek ma Lewandowski? A) Ma jedna magisterke. B) Ma dwie magisterki. C) Ma trzy magisterki... Wsrod uczestnikow, ktorzy udziela poprawnej odpowiedzi rozlosujemy telewizor kolorowyCzytaj całość
 marki SONY.",0,0,0
Ekspert w mocnych słowach o Górniku,"Zmiane trenera w Gorniku mozna skomentowac slowami ze ;""zamienil stryjek siekierke na kijek"".Jezeli dzialacze Gornika mysleli ze jak przyjdzie Podolski to wszystko samo sie ulozy toCzytaj całość
 mieli pecha i oznacza to ze nie nadaja sie do futbolu.",0,0,0
Ekspert w mocnych słowach o Górniku,"Podolski ma swoje lata i oczekiwanie od niego że wchodząc na boisko prawie z ulicy pociągnie grę, było raczej nierealne. Zresztą przyznać trzeba, że motoryką, nie odbiegał od resztyCzytaj całość
 kolegów z drużyny.",0,0,0
Ekspert w mocnych słowach o Górniku,"W Górniku te nażelowane młokosy muszą wreszcie zrozumieć, że to jest Górnik i tutaj się gryzie trawę, żeby grać w tej drużynie. Tego jednak nie widać i młodość ich wcale nieCzytaj całość
 usprawiedliwia. Widać brak zaangażowania. Jeśli nie chcą grać dla Górnika, to trzeba ich wymienić.",0,0,0
Ekspert w mocnych słowach o Górniku,"Obserwując z boku poczynania Górnika uważam ze największym błędem było pozbycie się trenera i dyrektora sportowego. Nie znam warsztatu trenera Urbana ale nie każdy dobry piłkarz jestCzytaj całość
 dobrym trenerem . Urban pracował w kilka razy w klubach naszej ekstraklasy i nie przypominam sobie żeby odnosił jakoś sukcesy. Nie jest to kiepski trener ale chyba nie potrafi wyciągnąć z zawodników max umiejętności. Wartość trenera poznaje się po tym jak z solidnych  zawodników  jak na naszą ekstraklasę zrobić dobrą drużynę, a w zeszłym sezonie taką drużyną był Górnik.",0,0,0
Dobre informacje dla Legii z Chorwacji,Ależ on cierpi...,0,0,0
Dobre informacje dla Legii z Chorwacji,Kapustka też gra i Wszołek ??? tylko kiedy ?,0,0,1
Dobre informacje dla Legii z Chorwacji,Po co pokazujecie na zdjęciach graczy którzy nie grają w Legii.......jeszcze Ronaldo ubierzcie w koszulkę - żenada !!!!,0,0,1
Messi i Suarez spotkali się na Ibizie,"Myślałem , że jarosława zbawcę Polski w szortach na plaży",0,0,0
Pierwszy raz w Zielonej Górze,przygotowuja zielona do 1 ligi,0,0,0
Thomsen: I tak nie było źle,Zdrowka Anders!!!,1,0,0
Thomsen: I tak nie było źle,Nooo. Bardzo fajnie. Zwłaszcza dla kibiców.,1,0,0
Wolą to od dodatkowej gwiazdy w składzie,"...wyróżniają się na tle innych klubów....popatrzmy ilu z tych wychowanków częstochowskich jeździ na odpowiednim poziomie, a może zerknijmy m.in. na trenera Staszewskiego w OstrowieCzytaj całość
 Wlkp. i tamtą szkółkę i proces szkolenia. Za chwilę Ostrów będzie miał całą drużynę ze swoich zawodników. Unia Leszno cały czas prowadzi proces szkolenia, był Kubera, był Musielak... a gdzie w tym towarzystwie są juniorzy Lwów panie Prezesie. Czy samochwała w koncie stała dalej nie szła bo głupoty gadała... Trochę pokory....",0,0,0
Wolą to od dodatkowej gwiazdy w składzie,"Część środków, które mogłyby iść na dodatkowego Leona Madsena czy Bartosza Zmarzlika, inwestujemy w szkolenie -Czytaj całość
 Swiacik

Ludwiczak
Kupiec
Karczewski
Miskowiak
Kowalski

SZKOLENIE JAK TA LALA hahah TYLKO NIE ICH HAGGAGA",0,1,1
Wolą to od dodatkowej gwiazdy w składzie,"No i co z tego, że będą szkolić? I tak będą siedzieć na ławie, jak Kowalski w tym roku, a potem do trzeciej ligi, 22 lata i koniec kariery.
Swoją drogą, gdy ten prezes zaczynałCzytaj całość
 pracę na tym stanowisku, obiecywał drużynę z wychowanków. No cóż, ale wtedy nie walczyliby dziś o medale. Coś za coś.",0,0,0
Wolą to od dodatkowej gwiazdy w składzie,Przeciez juz mieliscie 2-och dodatkowych Madsenow i oba to niewypaly. Wiec p co pierd... bzdury?,0,1,0
Wolą to od dodatkowej gwiazdy w składzie,ale tu chodzi o spółkę czy stowarzyszenie???,0,1,0
Wolą to od dodatkowej gwiazdy w składzie,"C.D Przepraszam za  urwanie poniższego postu . Więc raczej będzie ciężko zatrzymać liderów.  Powodzenia dla Częstochowy a przedewszystkim dla kibicow CKM. Zasługują  napewno naCzytaj całość
 lepszego Prezesa i lepsze wynik zespołu. Pozdrawiam !",0,1,1
Wolą to od dodatkowej gwiazdy w składzie,"Panie Prezesie to dlaczego w ubiegłym roku zakontraktowal Pan J. Doyla !? Tani z Madsenem i Lindgremem  na byli !  Nawet z takim składem w ubiegłym roku nie zdołał Pan wejść do P.O !Czytaj całość
 Pozbycie się trenera Pana Cieślaka tzn : Miały polecieć głowy i poleciała!  Pana Marka.Ć. Nie ma co się oczarować!  W tym roku najprawdopodobniej też bez P.O czego absolutnie klubowi z Częstochowy nie życzę ! Myślę że zaczyna być ciepło koło czterech liter i ucieka Pan a raczej zasłania się Pan niby oszczednosciami i szkoleniem juniorów ! Trochę to nie smaczne ! Co do przyszłorocznej składu to ciężko będzie zatrzymac niektorych zawodni",0,1,1
Wolą to od dodatkowej gwiazdy w składzie,Masz na myśli Orlen i Bartka ?,0,1,1
Wolą to od dodatkowej gwiazdy w składzie,"Motor za pieniądze spółek skarbu państwa kupuje juniorów i chyba wcale na tym źle nie wychodzi, prawda?...",0,1,2
Żyto nie przyjmuje wiadomości spadku,"No i wrócić do Ekstra Falubazowi nie byłoby tak łatwo, bo w 1 lidze straszyć będzie Polonia z Sajfudinowem ;)",0,0,0
Żyto nie przyjmuje wiadomości spadku,"Leszno za to chce do PO. Tylko Sparcie wszystko jedno. Jeżeli Darek da wolne chłopakom przed PO już teraz i wystawi jakiś mocnoeksperymentalny skład, to kto wie. Dla kibiców to nawetCzytaj całość
 lepiej, bo coś by się działo, a nie mecz do jednej bramki. Wyobrażacie sytuację kiedy Paniecz jedzie RT za Woffindena?",0,0,0
Żyto nie przyjmuje wiadomości spadku,"Myślę, iż pierwsza liga się ""uśmiecha"" nie tylko do Falubazu, ponieważ Chłopaki z Winnego Grodu już nie z takich opresji wychodzili obronną ręką, no ale nie wyprzedzajmyCzytaj całość
 faktów.
w.",0,1,0
Żyto nie przyjmuje wiadomości spadku,"""Dochodzą mnie słuchy"" że Falubaz dziś w Zielonej żegna się z e-ligą i pomyśleć, że wystarczy jeden meczyk GKM-Włókniarz.",0,0,0
Żyto nie przyjmuje wiadomości spadku,A ja sobie wyobrażam.,0,0,1
Żyto nie przyjmuje wiadomości spadku,Pożyjemy zobaczymy co przyniesie los. Osobiście patrzac na to wszystko raczej stawiam na spadek grudziadza niestety no ale z czym do ludzi.,0,2,1
Żyto nie przyjmuje wiadomości spadku,"Po mimo kontuzji Lidseya,więcej atutów dostrzegam po stronie gości,ale....jak zwykle tor wyjaśni wszystko.",0,3,0
Żyto nie przyjmuje wiadomości spadku,46-44 dla Falubazu. Nie wierzyta -zobaczyta.Wymienimy opinie po meczu. Teraz nie ma co bic piany. Ja stawiam na Falubaz.,0,3,4
Żyto nie przyjmuje wiadomości spadku,"Piotrek,a te słuchy jeszcze do Ciebie docierają,czy odwiedziłeś już laryngologa? ;o)",0,2,1
Żyto nie przyjmuje wiadomości spadku,"Wiadomo, że Unia z Falubazem na ""luz"" sobie pozwolić nie może, bo wówczas na jej drodze do play offów może stanąć Włókniarz Częstochowa. Wg mnie Falubaz może przed Czytaj całość
 spadkiem uchronić zwycięstwo Włókniarza w Grudziądzu. Mecze Falubazu nie mają żadnego znaczenia, są do przegrania.",0,3,3
Żyto nie przyjmuje wiadomości spadku,"Gdyby Leszno dzisiaj wygrało,to obawy Falubazów o utrzymanie są jak najbardziej uzasadnione.Pytanie tylko czy GKM wykorzysta to,że Czewa ostatni mecz odpuści.Patrząc na to jak oniCzytaj całość
 potrafią tracić darmowe punkty w biegach,to jest obawa czy GKM wygrałby nawet wtedy gdyby Czewa przyjechała z pięcioma Pytlewskimi :) Bardziej pechowej drużyny od GKM nie ma w żadnej lidze,chociaz w jednym meczu mieli dużo szczęścia (z WTSem)",0,2,0
Żyto nie przyjmuje wiadomości spadku,Toruń leci jak nic.,0,0,0
Żyto nie przyjmuje wiadomości spadku,Falubaz ma szczęście że jest w E-Lidze taki klub jak GKM Grudziądz który nawet jak ma dar od losu i tak na końcu sam się ZAORZE :),0,4,1
To pomogło wygrać Wilkom w Bydgoszczy,Jako kibic Polonii gratuluje Krosnu zwycięstwa oraz wjechanie do PO. Trening treningiem ale to deszcz i sprzęt zadecydowały o zwycięstwie.,0,1,1
To pomogło wygrać Wilkom w Bydgoszczy,"To chyba ty to ogłaszales nie ja,a po drugie Polonia pojechała najgorszy mecz w sezonie wczoraj i byliście lepsi wczoraj,tyle w temacie.Chłopaki z Bydy spalili sie z nerwów w blokach iCzytaj całość
 tyle.Całkiem niepotrzebnie bo jeszcze jest mecz z Ostrovem gdzie różnica punktów jest niewielka.A jsk będzie zobaczymy.",0,0,5
To pomogło wygrać Wilkom w Bydgoszczy,"Do wszystkich kibiców Bydzi. Najpierw piszecie że macie pecha ( owszem bo kontuzje) później że wszyscy zobaczą jak pojedziecie w pełnym składzie i każy w palnik dostanie. WczorajCzytaj całość
 pojechaliście w najmocniejszym i co????? W pipe!!!! Trochę pokory a nie szczekacie na całą Polskę o pewnym awansie do PO i Elipy.",0,2,1
To pomogło wygrać Wilkom w Bydgoszczy,"Damin: znowu szukasz uj wie czego. Sugerujesz że podłożliśmy się z Gdańskiem. Trzeba było poprostu wygrać z nami wczoraj a nie hucznie ogłaszać przed meczem pewną wygraną i awans doCzytaj całość
 PO. Pycha was zgubiła hahahaha. Jak to ktoś z waszych kibiców napisał,, Już nikt nie zatrzyma Bydgoskiej lokomotywy,, A jednak!!!!! Teraz już chyba wiecie gdzie leży Krosno!!!!!!!!",0,1,1
To pomogło wygrać Wilkom w Bydgoszczy,"@Bartosz1980000:  Bydgoski fachowcu tak się składa, że przed meczem w Ostrowie też trenowaliśmy na obcym torze, ale nie będe pisał jaki to był obiekt żeby wam zadnia nie ułatwiać :)",0,0,0
To pomogło wygrać Wilkom w Bydgoszczy,"Oczywiście ze to nie był przypadek przegrana z Gdańskiem i to 2 razy,ale tersz to bez znaczenia,jedziemy do Ostrowa i tam trzeba po prostu wygrać,oni już nic nie muszą tylko mogą,a toCzytaj całość
 zasadnicza różnica przed ostatnia kolejka,także głowa do góry i Gryfy do Boju!",0,0,5
To pomogło wygrać Wilkom w Bydgoszczy,"Bez sensu tytul. Wilki wygraly bo sa dobrym zespołem, pokazują to od dluzszego czasu odkąd zakontraktowali Musielaka mają mocny skład.  Gdzie trenowali przed meczem w Ostrowie czy Gnieznie?Czytaj całość
 Tam tez wygrali, kto im pomogl? Przegrane wilkow z Gdanskiem to nie przypadek i ja w to na pewno nie uwierzę.",0,2,1
To pomogło wygrać Wilkom w Bydgoszczy,"To sie nazywa profesjonalizm, brawo Wilki, fajna druzyna.",1,3,0
Świetni senior i junior wśród Jaskółek,"Wiaodmo ze to mecz o zadnym znaczeniu ale dla kibiców mysle ze to fajna sprawa ze mimo spadku druzyna nie chce skończyć z 0 stanem konta. Unia miala tyle pecha, jestem pewny ze gdyby nie teCzytaj całość
 kontuzje to byloby zupełnie inaczej.",0,0,0
Musielakowi puściły nerwy. Jest reakcja,"I na szczęście dla Polonii Ostrovia już nic nie musi tylko może...A to zasadnicza różnica w ostatniej kolejce,zobaczymy co jeszcze pokaże dziś wielki sks Gamonia w meczu z Ostrovią.",0,1,6
Musielakowi puściły nerwy. Jest reakcja,"Polonia pojechała wczoraj najgorszy mecz w lidze bo najważniejszy,byli spięci i nerwowi,całkiem niepotrzebnie mając jeszcze jeden mecz więcej.No ale cóż Wilki były wczoraj lepsze iCzytaj całość
 graty dla nich! Jest jeszcze mecz z Ostrovia,także spoko,a jak nie w tym roku to w przyszłym.W mojej opinii jednak Lyager i Zengi do wymiany na przyszły sezon.Zostają Bellego,Taras ,Wiktor i Jeleń.No i drugi młodzieżowiec.Dobrze,że ta przegrana trafiła sie teraz,kubeł zimnej wody,na szczescie jest jeszcze jeden mecz,Polonia do Boju!",0,1,5
Musielakowi puściły nerwy. Jest reakcja,Tobiasz jak masz nerwy daj się leczyć albo nic nie mów i uśmiechaj sie wysyłaj całusy .................,0,2,4
Musielakowi puściły nerwy. Jest reakcja,"napinka bydgowskich kibicow nie jest potrzebna - gdyby bydgoszcz wygrala ale bez bonusa to i tak by nie weszli do PO. chyba ze ktos liczy na wygranie tarnowian w gdansku,przegrana ostrowa uCzytaj całość
 siebie i wygrana rybnika w krosnie, ale rownie dobrze mozna wierzyc w to ze tarnow sie utrzyma w 1 lidze",0,3,1
Musielakowi puściły nerwy. Jest reakcja,To jest chore aby przepraszać za emocje wynikające z cudzego zaniechania - błędu.,0,0,0
Musielakowi puściły nerwy. Jest reakcja,"Szkoda było na to patrzeć, przecież drukarka już od 10 biegu się zaczęła. Wypowiedz Tomka Golloba że na takim torze można jechać tylko troche spokojniej powinna zostać puszczona dlaCzytaj całość
 przykładu "" jak nie masz nic sensownego do powiedzenia to nie mów nic"". Spokojniej to można jechać na treningu, a nie w meczu o taką stawkę.",0,4,2
Musielakowi puściły nerwy. Jest reakcja,"Jestem w stanie usprawiedliwić Musielaka. Chłopak wygląda jak z krzyża zdjęty, widać ile sił kosztowały go przykre wydarzenia rodzinne.
Tor w Bydgoszczy nadawał się do jazdy doCzytaj całość
 13.biegu, potem zrobiła się maź. W obecnych czasach mecze są przekładane lub opóźniane, gdy tor jest w takim stanie. Czy było sens wstrzymać mecz? Oczywiście, że nie było. 
Co do żalu ludzi z Bydgoszczy - wydaje mi się, że na własne życzenie w nominowanych musieli walczyć o pełną stawkę. Gdyby Bydgoszcz prowadziła przed 14.biegiem, to sami chcieliby mecz odwołać. Krosno już miało bonusa w kieszeni, więc osiągnęło cel. Punkt widzenia zależy od punktu siedzenia, a obiektywnie, to gospodarze są winni tego, że przegrali, a nie sędzia czy pogoda.",0,6,0
Musielakowi puściły nerwy. Jest reakcja,@Dami pod relacją meczu Rybnik-Gdańsk dałeś popis jak się nie napinasz ,0,6,1
Musielakowi puściły nerwy. Jest reakcja,"Każdemu moga puścić nerwy, fajnie ze na spokojnie pomyslal ze nie ma co sie dac nerwom i podpuszczać jakims kibicom. To byl wazny mecz, ścisk w tabeli wiec to nie byl mecz o pietruszkę. Czytaj całość
 Trzeba pamięć ze punkt widzenia zależy od punktu siedzenia- Krosno chcialo przerwanja meczu bo im to pasowalo a Bydgoszcz mialo jedynie 4 pkt straty wiec bylo to odrobienia jak najbardziej, nie ma sie co dziwic ze kibice liczyli ze odjada te ostatnie wyścigi",0,3,1
Musielakowi puściły nerwy. Jest reakcja,"widzialem wczorajsze ""spacery"" bandy durniow po torze i oczekiwanie na jezioro labedzie ...narobili stanowisk aby ulatwic podejmownie decyzji ...tylko pogorszyli sprawe bo zaden z tychCzytaj całość
 nowych ""expertow ""nie ma zielonego pojecia za co bierze kase ...chory kraj",0,2,0
Musielakowi puściły nerwy. Jest reakcja,"TOFIK jesteś de beściak, adrenalina chodziła, ale potrafiłeś przyznać się do złej reakcji. SZACUN :)",0,9,1
Musielakowi puściły nerwy. Jest reakcja,"Krosno Wilki na kilka dni przed meczem zostało pogrzebane i postawione w roli przegranego . działacze Polonii zorganizowali imprezy pomeczowe  , mieli świętować wejście do Playoff-ów ,losCzytaj całość
 jednak jest przewrotny PYCHA KROCZY PRZED UPADKIEM , komisarz toru był tak urobiony jak ciasto na pierogi i nie miał własnego zdania ,dopiero arbiter podjął decyzje o przerwaniu meczu",0,10,3
Musielakowi puściły nerwy. Jest reakcja,"Przeciąganie meczu przez sędziego Piotra Stefankiewicza było kompletnie niepotrzebne, przecież każdy widział co się działo na torze. 
Czas na rozliczanie sędziów z ich decyzji.Czytaj całość
 
Może kary pieniężne, albo dyscyplinarne, by ukróciły samowolę sędziów podsycanych przez tzw. ekspertów (w tym przypadku Tomasz Gollob). 
Zapraszanie sympatyka danego klubu na eksperta jest niedopuszczalne!",0,4,3
Paweł Przedpełski odpocznie od ścigania,Czewa to ma jednak szczęście ...,0,0,0
Paweł Przedpełski odpocznie od ścigania,"Szkoda, że Paweł nie przyjedzie do Częstochowy, bo godne przywitanie jego i Adika, to był mój nadrzędny cel niedzielnej wizyty przy Olsztyńskiej :).",0,0,1
Paweł Przedpełski odpocznie od ścigania,"Oglądałem ten mecz,Paweł wystartował równo z Ludvig'em Lindgrenem,a ten przycisnął go do krawężnika.Hak Pawła wylądował w kole Szweda i Przedpełski z impetem uderzył o tor.SędziaCzytaj całość
 nikogo z tego biegu nie wykluczył,choć w/g mnie Paweł nie miał gdzie jechać.",0,0,0
Paweł Przedpełski odpocznie od ścigania,Mało prawdopodobne. Pewnie za Pawła będzie ZZtka.,0,0,0
Podwójna wygrana Sparty w Gorzowie,"Żeby był hit to muszą być dwie topowe drużyny,a nie jedna.Druga to statyści.",0,1,1
Podwójna wygrana Sparty w Gorzowie,"Redaktorze Juraszek, o jakim ""hicie"" ty piszesz. Gorzowska Stal wystąpiła bez trzech podstawowych zawodników ze składu i wiadomo, że startowała by ten mecz objechać. Wynik zCzytaj całość
 twego spotkania dla miejscowych nie miał żadnego znaczenia.",0,2,2
Zmarzlik dawał się zaskoczyć Spartanom,"Panie redaktorze Janiszewski, takie same noty dla Bartka i Maćka w tym meczu? Maciek był tego dnia ewidentnie lepszy, pod każdym względem, nawet jak miał defekt. Chyba oglądaliśmy jednakCzytaj całość
 różne mecze. 
Potem się Pan dziwi, że Bartka nikt, poza Gorzowem, nie lubi.",0,0,2
Zmarzlik dawał się zaskoczyć Spartanom,"Przereklamowany złośnik tak samo jak janoś.
Obije w końcu sobie zrobią krzywdę.
Nauczka z Protasa&Gollob poszła w las ?",0,0,0
Zmarzlik dawał się zaskoczyć Spartanom,Ten plus przy Bartku za wzorową i przemyślaną akcję na koledze z drużyny po starcie trzeciego biegu,0,2,2
Leon Madsen w końcu się doczekał,"Leon Madsen pokazał jak się zachować na dekoracji pomimo, że nie jest się zwycięzcą. Potrafił pogratulować Łagucie i Zmarzlikowi i cieszyć się z osiągniętego wyniku. Od niegoCzytaj całość
 winien się zachowania uczyć Janowski, bo wielkość zawodnika to nie tylko wyniki, ale i zachowanie.",0,0,0
Niedoświadczeni juniorzy problemem ligi?,"@ Jarass. Tak, można było nie wypożyczyć Bartkowiaka do GKM. Tylko w pierwszej części sezonu Bartkowiak po kontuzji był słabszy od Jasińskiego i Nowackiego i w gorzowskim klubieCzytaj całość
 ""grzał by ławę"". To słusznie, że patrzono nie tylko na dobro gorzowskiego Klubu. ale i dobro zawodnika. Nikt nie przewidywał kontuzji w tym samym czasie dwóch podstawowych juniorów. Bartkowiak po sezonie wróci i nie będzie miał żalu do gorzowskiego Klubu, że nie pozwolili mu się rozwijać w tym sporcie.",0,0,0
Niedoświadczeni juniorzy problemem ligi?,"@erik stelmacher: Skoro regulamin na to pozwalał to nie rozumiem dlaczego masz ciągłe pretensje o tego gościa.Prawie wszystkie kluby z niego korzystaly,ale najbardziej boli cie to,żeCzytaj całość
 robiła to Stal.Cały czas to wypominasz.Tak samo jak to wypożyczenie.Równie dobrze można by mieć pretensje o Z/Z.Co to za idiota co to wymyslił?Przecież stosowanie z/z jest niezgodne z duchem sportu.Co to kogo obchodzi,że ktoś tam złapał kontuzje?Nie prawdaż? A wy jednak mieliście to w doopie i za zdrowego Jonssona korzystaliście z tego przywileju prawie cały sezon.To oczywiście wg Ciebie było zgodne z duchem sportu,bo to robił Motor,ale już jak Stal coś robi to zaraz nazywana jest przez Ciebie kombinatorem",0,1,0
Niedoświadczeni juniorzy problemem ligi?,"w 2020 oczywiście,w 2021 może być srebro,ale raczej 3-4miejsce się szykuje,chyba że znów goście dopomogą...a kibole będą puchnąć z dumy jakie te bermudy są wspaniałe...nieCzytaj całość
 piszą,że bez gości w 2020 i 2021 gorzów niczego by nie osiągnął i nie osiągnie...dla nich to tylko zasługa samego gorzowa....",0,0,1
Niedoświadczeni juniorzy problemem ligi?,"@Całkiem obiektywny: to właśnie chce zrobić gorzów- marzy im się kowalski do pomocy w walce o medale...jak w 2021 srebro zrobili m.in.jackiem holderem,....to rozwiązanie wchodzi wCzytaj całość
 krew...jak raz się uda z kombinowaniem,to potem nie można bez tego żyć...",0,0,0
Niedoświadczeni juniorzy problemem ligi?,Tak wogóle szacun dla tych chlopakow ze wsiedli na ten motocykl z czasem bedzie jeszcze lepiej,0,0,0
Niedoświadczeni juniorzy problemem ligi?,"No super!!! To stworzy sytuację, gdzie każdy klub Ekstraligowy przedstawiając L4 juniora, znajdzie sobie takiego co wymiata.
To nie tak ma działać, ruszamy ze składem i takim kończymy.Czytaj całość
 Kontuzje juniorów? Przecież każdy klub ma obowiązek mieć swoich wychowanków, ewentualnie zakontraktowanych. 
OK, wypożyczenie do niższych lig, ale w górę? To może jeszcze zakontraktujmy juniorów z drużyn 5-8? 
Zmiana zasad w trakcie gry?",0,1,0
Niedoświadczeni juniorzy problemem ligi?,"Klub ma młodzieżowców wypożyczonych do innych klubów. Pozostaje zapisać klauzulę w umowie wypożyczenia (i to powinno być regulaminowe), że w przypadku kontuzji w podstawowymCzytaj całość
 składzie macierzystego klubu, junior wraca z wypożyczenia w trybie natychmiastowym. To w końcu premiuje kluby, które kształcą młodzież, a nie teraz cieszą się Ci którzy, nie kształcą lub mają dziurę w wychowaniu, pożyczyli i dziś cieszą się, że nie muszą oddawać. Wypożyczenie to powinno być ryzyko po stronie biorcy, a nie tego kto faktycznie szkoli i faktycznie znalazł się w potrzebie przez kontuzje.",0,3,1
Niedoświadczeni juniorzy problemem ligi?,"Nauczka na przyszłość dla Gorzowa jest taka,że warto by było przytrzymać tego Bartkowiaka,by konkurował z pozostałymi,a w razie ich kontuzji z powodzeniem ich zastąpił.
(jak terazCzytaj całość
 Kowalskiego ma Czewa)
Inna sprawa że kontuzji dwóch podstawowych juniorów,trudno jest przewidzieć.",0,2,0
Niedoświadczeni juniorzy problemem ligi?,"ciężko jak z powodu kontuzji nie można wystawić optymalnego składu...,nie życzę tego nikomu-np w lublinie jakby jeden z juniorów wypadł,szczególnie lampart to koniec marzeń...,Czytaj całość
 dotyczy to większości klubów...,ale tutaj jednak demski ma rację....sezon 2021 pokazał,że polak potrafi...słynni goście pomogli....bermudy i wrocław nawet z tego zrobili medale",0,1,0
Niedoświadczeni juniorzy problemem ligi?,"Demski ma absolutną rację z kombinowanie. Przykład pierwszy z brzegu to Motor Lublin. Nawet w DMPJ wystawili L4 dwójce swoich wychowanków i rajcują się, że wygrali jedną z rund dziękiCzytaj całość
 armii zaciężnej.",0,1,0
Niedoświadczeni juniorzy problemem ligi?,"@ ""Przecież to ja"" Gorzowska Stal obecnie ma siedmiu juniorów, o trzech więcej jak Ostrowia. Tylko Klub gorzowski nie chciał ""kisić"" swych zawodników i wypożyczył doCzytaj całość
 innych klubów by się rozwijali. Pech, że kontuzjowanych zostało w tym samym czasie dwóch czołowych juniorów Klubu. Nikt nie planował wypożyczenia juniora z Ostrowa, to wymysł dziennikarski prawnie niemożliwy.",0,3,0
Niedoświadczeni juniorzy problemem ligi?,"Jak takie tradycyjnie żużlowe miasta jak Gorzów, Grudziądz, Gniezno, Toruń nie potrafią wychować, ukształtować chociażby dwóch, trzech juniorów na odpowiednim poziomie. WSTYD!.Czytaj całość
 Kupowanie, wypożyczanie juniorów powinno być ZABRONIONE. Pomijam tu PSŻ Poznań bo to jest nowa jednostka, ale już powinni mieć jakieś rezultaty w tej dziedzinie.",0,0,2
Niedoświadczeni juniorzy problemem ligi?,"@Przecież to ja: Pokaż mi w Ostrowie choć jednego wychowanka na pozycji seniorskiej, a waszych juniorów objeżdża nasz 15-latek Paluch. Bartkowiak też sobie da z nimi radę",0,1,0
Chomski zaprasza Jabłońskiego na trening,"W temacie ciężkiego toru... Byłem kiedyś w Rybniku na lidze, gdzie przez cały mecz nikt nie pojechał ślizgiem, skończyło się bodajże 74:16. Ale pojechali... Innym razem wCzytaj całość
 Świętochłowicach siedziałem w miejscu w którym wieżyczka zasłaniała część drugiego łuku. Na czwartym okrążeniu weszli w ten wiraż wszyscy, nie wyjechał nikt, próbowali jeszcze pchać do mety ale nie dało się... Nie twierdzę że te przypadki były OK, ale dzisiaj płacz zaczyna się przy pierwszej kropli wody, taka prawda.",0,0,0
Chomski zaprasza Jabłońskiego na trening,"Jak najbardziej, Jabłoński zasłużył sobie na darmowe jazdy w GW. Ciężki tor, to był kiedyć w Czewie w czasie zawodów juniorskich zaraz po ulewie. W drugim łuku, kto tylko minimalnieCzytaj całość
 zwolnił zagrzebywał siępo osie bez możliwości jazdy. A jeżeli zapuścił się za połow, to połowa drużyny musiała wyciągać motor z błota. Ale zawody zostały odjechane do końca. To był chyba 2009 lub 2010 rok.",0,0,0
Chomski zaprasza Jabłońskiego na trening,Brawo Stasiu Chomski.,1,0,0
Chomski zaprasza Jabłońskiego na trening,"Wszystkich ""stękaczy"" na komentowanie Mirka J. wysłał bym na terapie. ""Wszystkie mecze kolejki komentuje Pan Ol.....z i do tego z niedoświadczony młodym redaktorkiem.  PoCzytaj całość
 takiej terapii jak by usłyszeli Jabola to by chórem śpiewali ""Jak anioła głos..."" HA HA HA ;)",0,2,0
Chomski zaprasza Jabłońskiego na trening,"Jak z Jabola taki as żużla (w/g jego komentarza), to niech podejmie rękawice i pojeździ z Gorzowskimi juniorami. Zobaczymy jaki z niego as.",0,2,1
Chomski zaprasza Jabłońskiego na trening,"Tak odnośnie czepiania się komentatorstwa w żużlu, to też stoję murem za Tomkiem Dryłą przede wszystkim i Mirkiem. Koleś cały czas jeździ, jego wiedza jest duzą wartością wCzytaj całość
 komentowaniu meczu, choć nie zawsze trafne uwagi to jednak lepiej to, niż.....   o musiałach czy innych z ilewen nie wspominając....",0,7,0
Chomski zaprasza Jabłońskiego na trening,"Tor nie był ciężki, po prostu obniżamy umiejętności zawodników robiąc wszędzie beton. 20 lat temu tak wyglądał tor twardy. Pewnie gdyby Stal wygrała nie byłoby tematu. Na marginesieCzytaj całość
 pozdrowienia dla Mirka, lubię te jego ""głupoty"" pośród reszty smutnych panów.",0,3,0
Chomski zaprasza Jabłońskiego na trening,Panie Chomski pana juniorzy w trakcie meczu też mówili że tor jest ciężki. Niech pan obejrzy transmisję i posłucha jak zawodnicy się wypowiadali o torze.,0,2,0
Chomski zaprasza Jabłońskiego na trening,A jednak Chomski ma rację. Przecież nie powiedział niczego złośliwego. Trochę żartobliwie zaprosił Mirka na trening. Ogólnie to by się popularnemu Jabolowi ... przydało ;),0,1,2
Chomski zaprasza Jabłońskiego na trening,"przecież Jabol to najlepszy komentator, co z tego, że nie jest najlepszym żużlowcem (zwłaszcza, że kiedyś był bardzo dobry), jak mamy bardzo dobry przykład Mistrz świata Tomasz GollobCzytaj całość
 - beznadziejny komentator. 
I skoro waszym zdaniem Jabol jest stronniczy to niewiem co można o Gollobie powiedzieć,
a Chomski próbuje sie ratować, bo w szkółce pewno wszyscy sie na Paluchu skupili, a reszta chłopaków została zostawiona sama sobie",0,0,0
Chomski zaprasza Jabłońskiego na trening,Krytykują Jabłońskiego uzerzy na SF :)))) Pewnie czyta i się przejmuje opinią tak zacnego grona laików  co z żużlem mają tyle wspólnego co szlaka z elektrociepłowni :)))),,6,4
Chomski zaprasza Jabłońskiego na trening,"I co się tak czepiacie tego Jabłońskiego? Jako człowiek, który kawał życia poświęcił na uprawianie sportu, to on radzi sobie w TV bardzo dobrze. Miał słabszy moment, gdy za bardzoCzytaj całość
 sobie z Dryłą wprowadzili luźny klimat, poszła reprymenda i od tego czasu powiedział już naprawdę wiele ciekawych rzeczy z punktu widzenia żużlowca. Kiedyś komentarze zawodników brzmiały tak: ""wyszedł ładnie ze startu, zamknął ich i wygrał"". Nic z tego nie wynikało. Teraz jest mnóstwo ciekawostek, różne techniczne niuanse itp. Językowo też radzi sobie całkiem dobrze, normalnie, używa w mowie polskich znaków. I jeszcze jedno: on tam nie robi za komentatora (tym jest Dryła), Jabol ma być ekspertem i nim jest, wie o żużlu rzeczy, których kibic i komentator wiedzieć nie mogą z racji braku praktyki. Czasami wrzuca kontrowersje i sprzeczne teorie żeby było ciekawiej, bo tak powinno być w telewizji. Gość jest (był) żużlowcem, jeździł w ekstralidze, pracuje w telewizji, o ile dobrze kojarzę skończył studia, założył rodzinę, ma syna ze smykałką do jazdy. Osiągnęliście więcej? Może zazdrość tyłek ściska? Jak się tutaj wejdzie w komentarze to poza kilkoma osobami cała reszta to są chyba jacyś życiowi frustraci i nieudacznicy, byle komuś dokopać. Ech...",0,8,4
Chomski zaprasza Jabłońskiego na trening,"- Słaby zawodnik , jeszcze gorszy z niego komentator z wkurzającym rżącym śmiechem... Przyczepił się do Tomka Dryły i gwiazdorzy na całego! - Tyle w temacie...",0,3,10
Osłabiona Stal przegrała ze Spartą,"Finał Sparta - Motor jest najbardziej prawdopodobny.  Kto wygra? Nie wiadomo, to tylko sport. Trzymam kciuki za Spartę! Za Maćka w szczególności (nawet jak jeździł w Tarnowie).",0,2,0
Osłabiona Stal przegrała ze Spartą,"Ale mieliśmy szczęście! Jakby był Nowacki i Woźniak, to dopiero by Sparcie dowalili! Ehhh... czytać mi się tego nie chce. Na początku sezonu Sparta jechała bez Taia i nie przypominamCzytaj całość
 sobie aby ktoś jojczył jak Gorzowiaki.",0,2,0
Osłabiona Stal przegrała ze Spartą,"W tym sezonie tylko Falubaz może wygrać ze Spartą. Chociaż bonus raczej pozostanie we Wrocławiu. W PO nie ma drużyny, którą na to stać.",0,1,2
Osłabiona Stal przegrała ze Spartą,"Stał przegrała, bo sportowo była słabsza. Tyle.",0,3,0
Silniki Ryszard Kowalskiego pod lupą!,a Janowskiego nie sprawdzili przecież on jest wyjątkowo szybki w tym roku,0,0,0
Silniki Ryszard Kowalskiego pod lupą!,"Ciekawe ktory zuzlowiec z GP jezdzi na silnikach spod dloni najlepszego mechanika w Polsce wedlug Czekanskiego-Kazia Juskowiaka? DJ 507 aka KK 187? Berntzon? Niedlugo w TZ bedzie wywiad z w/wCzytaj całość
 Panem Kaziem,to zapewne sie dowiemy:)",0,0,0
Silniki Ryszard Kowalskiego pod lupą!,"Oj boli polski tuner, boli że od kilku lat jest na szczycie, nie trudno się domyślić komu najbardziej żal dupę ściska i do tego wie że ma dożywotniego bana w RK Racing.",0,1,0
Silniki Ryszard Kowalskiego pod lupą!,"Pewnie Janowska złożyła doniesienie na zasadzie łapać oszusta, żeby od swoich machlojek odsunąć podejrzenia.",0,4,0
Silniki Ryszard Kowalskiego pod lupą!,Robi coś dobrze źle robi masowo źle to jak niby ma być ?,0,0,0
Silniki Ryszard Kowalskiego pod lupą!,"Pan Ryszard Kowalski robi nie tylko świetne silniki, ale ma też fajny skrót swojej firmy- team RK .
RK , to oznaczenie tablic rejestracyjnych Krosna , czyli miasta , gdzie jest klubCzytaj całość
 żużlowy obecnie w eWinner 1 Lidze  Cellfast Wilki Krosno . :-)",0,2,1
Silniki Ryszard Kowalskiego pod lupą!,A dlaczego nie wzięto do kontroli silników tlenionego blondyna co nie umie przegrywać? On jest pod specjalną ochroną?,0,5,3
"Wie, kto wywalczy mistrzostwo w 2021","Pamiętam J. O. Pedersena i gościnny występ w 91r w Zg przeciwko mistrzom Anglii drużynie Wolverhampton. Były w Grodzie Bachusa nawet zakusy o zawodnika dun wybrał jednak ofertę z Rybnika.Czytaj całość
 Kontuzja kręgosłupa zakończyła jednak karierę sympatycznego zawodnika.",0,0,0
Tabela i statystyki PGE Ekstraligi,"To SG będzie miała złoto w tym roku, czy nie - to temat ważny, ale nie będę płakał, jeśli Stal nie wygra PO. Młodzież to u nas nędza. Dużo ważniejsze jest dla mnie pozbycie sięCzytaj całość
 Falubazu z Ekstraligi. I za to będę trzymał kciuki.",0,0,1
Tabela i statystyki PGE Ekstraligi,"@ckm cov zapewne i dlatego skasowali sobie juniorów i Woźniaka ,żeby tylko ligi nie wygrać jeszcze utłukli rękę Thomsenowi ha ha",0,0,0
Tabela i statystyki PGE Ekstraligi,"Wygrana Falubazu z Unią Leszno wiele spraw z układem tabeli wyjaśni, liczę ,że Chłopaki z Winnego Grodu wreszcie się na W69 postawią a fart Ich nie opuści.",0,0,0
Tabela i statystyki PGE Ekstraligi,"Ja mysle ze Gorzow nie chcial wygrac ligi, z jakiegos powodu nie chce jechac z UL. PO za miesiac... wszystko jest mozliwe w tym sporcie",0,1,2
Tabela i statystyki PGE Ekstraligi,"Gratulacje chłopaki, dobra robota!",1,2,1
Tabela i statystyki PGE Ekstraligi,"Poza 1 pozycją dla Sparty jeszcze sporo może się pomieszać. Leszno powinno ale nie musi wygrać w ZG. Stal bez Woźniaka i bez ZZtki za niego oraz przetrzebioną juniorką może przegrać wCzytaj całość
 Toruniu, bo Toruń pewnie pojedzie bez Przedpełskiego, ale ma za niego ZZtkę. Częstochowa jeśli straci szansę na PO, może odpuścić mecz w Grudziądzu. Sporo znaków zapytania.",0,2,0
Sparta nie dała szans Stali na jej torze,Zmarzlik w żużlu jak Legia w piłce Sędziowie zawsze pomogą!,0,0,0
Sparta nie dała szans Stali na jej torze,"Oba zespoły to przemyślane strategie od wielu już lat.
Tylko że na szczęście kasa sama nie jest wstanie wygrać te rozgrywki.
Leszno pogodzi oba te podmioty.",0,0,0
Sparta nie dała szans Stali na jej torze,"@leonidaswro: Średnia meczowa Curzytka: 2,23, Liszka: 3,08, a Jasiński: 3,58. Jest to średnia z wszystkich meczów, a wiadomo jest, że Jasiński większość punktów zdobywa na własnymCzytaj całość
 torze. Także istniało duże prawdopodobieństwo, że w drugim wyścigu zdobędzie 3 pkt, a w 13 jeden. Jasiński to obecnie 6 junior Ekstraligi-popatrz, co robił z Liszką i Curzytkiem w lidze juniorów",0,1,0
Sparta nie dała szans Stali na jej torze,"@leonidaswro: Nie no nie powiesz mi,że gdyby był Jasiński i Nowacki to byście pewnie wygrali 5-1 w biegu juniorskim:) Przy pełnym składzie Stali Curzytek z Liszką nie zrobiliby aż 11Czytaj całość
 pkt.Stal co drugi bieg miała dziure w składzie,bo jechał albo Pytlewski,albo Ralcewicz,albo Markus.Ci zawodnicy się męcza jadąc w elidze i mówienie,że oni zastępowali Szymka,Wiktora,czy Kamila jest nadużyciem.Oni ich nie zastępowali.Oni tylko uzupełnili skład.Powtarzam macie silny skład i my nawet w komplecie mielibyśmy z wami problem wygrać.Nie piszcie tylko tych bzdur,że brak Woźniaka,Jasińskiego i Nowackiego to żadne osłabienie",0,8,1
Sparta nie dała szans Stali na jej torze,"@Andy Stal: Jeśli spojrzysz obiektywnie na rzeczywistość, to samo można napisać o kibicach z Gorzowa na stadionie we Wrocławiu. Niestety, sport często wyzwala negatywne emocje zCzytaj całość
 różnych powodów - u jednych z radości u drugich z żalu i rozczarowania. Poza tym jak zapewne wiesz, organizatorzy wyjazdów na mecze wyjazdowe nie wymagają od uczestników świadectwa ukończeni kursu savoir- vivre. Myślę także, że jako długoletni forumowicz nie będziesz usiłował mi wmawiać, że wszyscy gorzowscy kibice mieli we krwi 0,00 prom. i wyłącznie kulturalnie dopingowali swoich zawodników, nie obrażając wrocławskich liderów, czego domagają się dla swoich na wyjazdach.
 Kiedyś będąc na meczu w znienawidzonym przez Gorzowiaków Wrocławiu, byłem świadkiem takiej scenki: pewna pani w dojrzałym wieku strofowała trzydziestoletniego kibica za to, że siedząc przed nią co chwila wstawał i używał niecenzuralnych słów. Odpowiedź kibica brzmiała: ""jak chce pani kultury, to niech idzie do opery!"". Wiem, że w Gorzowie opery nie ma, ale na pewno coś znajdziesz. Pozdrawiam!",0,1,2
Sparta nie dała szans Stali na jej torze,"Tor był przygotowany dobrze, natomiast ulewa, jaka przeszła przez Gorzów przed meczem spowodowała, że zaczął się on odkształcać i w pewnym sensie zaskoczył naszych zawodników. WCzytaj całość
 pełnym składzie prawdopodobnie byśmy wymęczyli wygraną, ale postawienie się tak silnej Sparcie w dwumeczu jest raczej nierealne. Karczmarz-out, Birkemose- ???, Pytlewski, mimo, że znalazł wreszcie kogoś, kogo może objeżdżać (szkoda tylko, że to nasz wychowanek)-out. Źle zbudowana drużyna na ten rok. Za bardzo zaufali Karczmarzowi",0,0,0
Sparta nie dała szans Stali na jej torze,"Witam. Bylem na meczu osobiscie, mecz ....lipa :( . tor beznadziejny , nie wiem czy przez opady deszczu to byl tak przygotowany juz wczesniej. Co do wyniku, mysle ,ze nawet z Szymonem &Czytaj całość
 Wiktorem Stal by nie wygrala , Kamil Nowacki, sorry , ale nigdy nie uwazalem go za ""nawet dobrego"" juniora. Co do emocji....to ich nie bylo, nawet nie dostrzeglem jakies ""mega zaangazowania"" w Stali, w Sparcie tez w sumie nie. Dziwny mecz , naprawde.Pozdrawiam wszystkich kibicow",0,2,0
Sparta nie dała szans Stali na jej torze,"@gorzowianin z Mazowsza: Szanuję Cię za trzeźwy umysł i wyważone wpisy na forum. Proszę nie psuj swego wizerunku! To nie Woźniak ani Nowicki (Nowacki?) stanowią o sile Stali. LubięCzytaj całość
 Szymka, ale nawet jeśli dodamy komplet punktów jakie mógłby zdobyć to i tak Sparta wygrywa! Podstawowi juniorzy Stali także nie są zaliczani do potentatów ligi.  Czy w pierwszej fazie meczu Vaculik i Zmarzlik jeździli słabo dlatego, że w składzie nie było Szymka i Nowackiego? Poza tym skandaliczne sędziowanie. Sędzia w trzecim wyścigu zauważył ruchy na starcie u Maćka, ale faulu Zmarzlika na Karczmarzu już nie! Może i słusznie, powtórzył bieg we czterech, jednak rodzi się pytanie dlaczego nie dopuścił Taia do powtórki w pierwszym biegu - kraksa także w pierwszym łuku?
Miarą wielkości kibica jest wierność drużynie i umiejętność przyjmowania porażki z godnością. Pozdrawiam!",0,1,4
Sparta nie dała szans Stali na jej torze,"Mecz odjechany bez większych emocji. Osłabiona Stal pojechała bezjajecznie, ale w pełnym składzie by tak nie było, co nie zmienia faktu, że Sparta jest bardzo mocna.",0,3,1
Sparta nie dała szans Stali na jej torze,"Na beznadziejny film mówimy kicz, na kiepską kawę powiemy lura, na książkę knot, a co możemy powiedzieć na gorzowski tor żużlowy? Stadion, infrastruktura ok. ale tor BEZNADZIEJNY. IleCzytaj całość
 było wczoraj wyprzedzeń? 1,2. W Gorzowie na zawody powinni wpuszczać darmo albo dopłacać za stracony czas. Nie daj Boże zrobić tam GP.",0,1,1
Sparta nie dała szans Stali na jej torze,"@spartunia: Bez Szymona i bez podstawowych juniorów.Tego nie dodałeś.Wybacz,ale to już jest za duże osłabienie na tak silną Spartę,która jechała pełnym składemJa nie twierdzę,że zCzytaj całość
 nimi w składzie byśmy wygrali,bo w tym roku jesteście bardzo silni,ale na pewno mecz wyglądałby inaczej.Byłby bardziej interesujący i być może wynik byłby na styku.Nie mów,że nie.Tak z innej beczki to mimo tego hejtu co wczoraj wywalaliście na forum w czasie meczu to i tak wam gratuluje zwycięstwa.Pozdro z Gorzowa",0,4,0
Sparta nie dała szans Stali na jej torze,"Tym wszystkim, którzy są tak pewni wykluczenia Zmarzlika, przypominam mecz Grudziądz - Zielona Góra i wyścig 14. Po kolizji Pawlickiego z Protasiewiczem na pierwszym łuku Przemo straciłCzytaj całość
 szprychy i łańcuch. Powtórka była w czterech.",0,2,1
Sparta nie dała szans Stali na jej torze,"To co wczoraj odwalili z naszym torem pokazuje jak niekompetentnych mamy ludzi w tym klubie. Dla mnie to była głupota i wręcz skandal. Cały sezon równy jak stół, przychodzi moment żeCzytaj całość
 trzech zawodników kontuzjowanych i czwarty z urazem ręki, do tego juniorzy którzy ledwo składają się w łuki a wy im serwujecie takie coś? Czy w klubie ktoś myślał o ewentualnych konsekwencjach takiego działania? A gdyby Thomsen tę kontuzję pogłębił na co była duża szansa, jakiś junior zaliczył glebę i kolejną kontuzję to co byście powiedzieli? Głupota to mało powiedziane. Nie kupuję tłumaczenia że to zasłona dymna przed PO. Kogo my chcemy zaskoczyć własnym torem? Bo mnie się wydaje że samych siebie... No i te żale w sprawie juniorów? Odpowiedzialność za taki stan rzeczy leży tylko i wyłącznie w rękach zarządu i sztabu szkoleniowego więc pretensje możecie mieć tylko do siebie. Bo jeśli prezes myśli że wystarczy przy blasku fleszów przeznaczyć na szkółkę 25000 i sprawa załatwiona to radzę zmienić profesję na sprzedaż lodów i kukurydzy na plażach Bałtyku. Poza tym Bartek do wykluczenia i brawo Sparta. Jesteście w tym sezonie jak do tej pory najlepsi bez dwóch zdań. Ale pamiętajcie że w finale może zdarzyć się wszystko. Było wiele sezonów kiedy jakaś drużyna wygrywała rundę zasadniczą w cuglach, a potem kończyło się porażką w finale.",0,1,0
Znamy drugiego finalistę DMEJ do lat 23,"""Prawo awansu (...) uzyskała tylko zwycięska drużyna"" - kiedyś było konkretnie: ""awansuje zwycięzca"". Wadomo kto po co jedzie...",0,0,0
Znamy drugiego finalistę DMEJ do lat 23,"Niemcy bardzo dobry występ blisko Danii a jednak najmłodsi Brytyjczycy nie poradzili sobie na tym szerszym torze i nie powtorzyli chociazby rzeczy z Gdanska. Holandia szacun za start wCzytaj całość
 kolejnej druzynowce po el.ME Par, coś ruszają w klasycznym speedway'u tak jak Francuzi z 10 lat temu, może za 5 lat ktos zacznie wychodzić, maja mozliwosci patrzac na długi od wielu lat tak jak trojkolorowi. Będzie walka w drugim półfinale o 45 punktów, nie są bez szans Czesi myślę, tam też będzie drużyna która zdobędzie mało pkt (Finlandia)",0,1,0
Znamy drugiego finalistę DMEJ do lat 23,"no to pewnie Niemcy będą też w finale, bo jest mało prawdopodobne, że w drugim półfinale jakaś drużyna na drugim miejscu też aż tyle punktów przywiezie co Niemiaszki.",0,1,0
Gruszka: To nie jest normalne,To już jest wytłumaczenie ewentualnej porażki - przełożenie godziny.,0,0,0
Dobra informacja. Klątwa Francuzów trwa,"Tytuł artykułu: ""Klątwa Francuzów. Prześladuje ich to od kilku lat"". Wczoraj było: ""Ćwierćfinały przekleństwem Polaków, ale Francja nam się dobrze kojarzy"" JacekCzytaj całość
 Pawłowski
01 sierpnia 2021, 11:37. Czy Działają jakieś siły wyższe - od siatkówki i siatkarzy??",0,0,0
Gdzie oglądać Polska - Francja?,Balony napompowane ?  czy jeszcze chwila czasu na to ??,0,0,0
Kto zmienił godzinę meczu siatkarzy?,"Co zawody, to skandal. Zupełnie jak na euro, tam skandal przy okazji każdego meczu.",0,0,0
Kto zmienił godzinę meczu siatkarzy?,Jest w Polsce taki gostek co 13go grudnia spał do południa. To jak ma wstać rano na mecz?,0,2,0
Kto zmienił godzinę meczu siatkarzy?,"Jaki skandal? Pismaki wymyślają cuda byle był klik. Dla mnie i kibiców chyba lepiej, nie muszę wstawać w środku nocy",0,3,0
Kto zmienił godzinę meczu siatkarzy?,"kolejne igrzyska są w Paryżu, więc nie zdziwiłoby mnie, że to Francuzi w jakiś sposób wymusili zmianę. W zamian obiecując, że za 3 lata odwdzięczą się Japonii, jeśli zajdzie takaCzytaj całość
 potrzeba.",0,1,3
Kto zmienił godzinę meczu siatkarzy?,"Znowu szukanie klików, mistrz musi wygrywać o każdej porze!",0,5,0
Kto zmienił godzinę meczu siatkarzy?,"@Nautilus: PZPS musiał się zgodzić na zmianę godziny. Ciekawe tylko czy konsultowali to z trenerem i zawodnikami. No ale reakcja Francuskiego trenera pokazuje że nawet tam nie pytali sięCzytaj całość
 nikogo o zdanie i telewizje ustaliły godzinę emisji za zgodą obu związków ale bez pytania się o zdanie trenerów :)",0,0,0
Kto zmienił godzinę meczu siatkarzy?,Wawrzynowski po raz kolejny odkrył Amerykę. Od dawna wszyscy kibice wiedzą kto w tej grze rozdaje karty.,0,0,0
Kto zmienił godzinę meczu siatkarzy?,"Swędrowski tego jasno nie mówi ale z lekka sugeruje, że miał z tym coś wspólnego Eurosport. Może i Francuzi brali w tym jakiś udział ale idę o zakład, że i Eurosport chciał tegoCzytaj całość
 samego - w końcu na pewno o 14:30 mecz oglądać będzie więcej ludzi niż o 2:00.",0,0,0
Kto zmienił godzinę meczu siatkarzy?,to jest skandal to fakt !!!,0,1,1
Kto zmienił godzinę meczu siatkarzy?,"Zmiana korzystna dla Francuzów(zmęczeni po ciężkich meczach z Brazylią i Rosją)i nie grali jeszcze o godz 9 a niekorzystna dla Polaków bo nie musieli się wysilać w ostatnich spotkaniachCzytaj całość
 a najlepiej grało im się o godz 9 więc wszystko jasne kto za tym stoi:)",0,1,2
Kto zmienił godzinę meczu siatkarzy?,TVP za prawa do transmisji zapłaciła pewnie więcej (znając ich fachowców od negocjacji) niż francuska TV.... ale to Francuzi ustawiaja godz spotkania pod siebie;-((,0,2,2
Kto zmienił godzinę meczu siatkarzy?,Nikt o niczym nie wie? Taka xmiana nie bylaby mozlowa bez zgody polskiej strony. Godziny trandmisji sa z gory ustalone i jest to rzecz niezmienna.,0,2,1
Kto zmienił godzinę meczu siatkarzy?,"Nie czaję, płakali że z Kanadą grają o 9 bo nigdy tak wcześnie nie grali, wygrali 3 :0, najlepsze treningi mają o 9 a teraz płaczą że jednak 9 a nie 14 jak było zaplanowane rokCzytaj całość
 temu...",0,1,2
Francuscy siatkarze o meczu z Polską,"etam, Francuzi są podmęczeni po trudnych meczach Z Rosją i Brazylią i nie grali o godz 9 rano a Polacy mają świeżość po łatwych wygranych i najlepiej im szło w meczachCzytaj całość
 rozpoczynających się o godz 9 więc trzeba było pomóc gospodarzom następnych IO.",0,2,0
Francuscy siatkarze o meczu z Polską,"Bedzie przykra niespodzianka dla Polaków...Francuzi mają to coś....ich nacja ma to coś. Wystarczy spojrzeć na tablicę medalową...haha, gdzie my a gdzie Francuzi.",0,0,3
Francuscy siatkarze o meczu z Polską,Mysle ze bedzie niespodzianka i placz a nawet  odwolanie do samego Pana Boga ze Polska ciagle jest krzywdzona.,0,1,4
Francuscy siatkarze o meczu z Polską,Największe szambo bije zazwyczaj z najpiękniejszych rejonów Bożych zwieraczy.,0,1,3
Francuscy siatkarze o meczu z Polską,"Francja nie ma szans na wygranie z Polską. I mój komentarz nie wynika z braku szacunku do przeciwnika, wynika z obserwacji. Zacznę od tego, że wiara w swój zespół (i to wiara popartaCzytaj całość
 obserwacją, realnymi wynikami i aktualną dyspozycją obu drużyn) traktowana jest jako brak szacunku dla przeciwnika. W takim razie ja odwrócę pytanie - a gdzie szacunek do własnej reprezentacji, jeśli każecie mi bać się Francuzów. Przypomnę Ligę Narodów podczas której w reprezentacji Polski w formie był tylko Kurek - i przypomnę Francję. Czy Francja podniosła swój poziom od tamtego czasu? Nie. Czy Polska podniosła swój poziom? Tak, bo większa część zawodników doszła do formy. Zwyżkę formy Polaków widać z meczu na mecz. Przypomnę aktualny turniej i mecz Francji z USA, Rosją i Brazylią. USA będąc w kiepskiej formie, na tle Francji wydawało się hegemonem, Rosja tylko w jednym secie zagrała swoje i zdeklasowała Francję (nie twierdzę, że Rosjanie podłożyli mecz, motywacji po prostu wystarczyło na jednego seta), mecz z Brazylią (Brazylią, która ma swoje problemy) też dowiódł, że Francja jest po prostu na swoim poziomie. Polscy kibice nie doceniają swoich sportowców, znakomitych sportowców i wiara w nich nie jest brakiem szacunku dla przeciwnika - to, że realnie oceniam ich możliwości i mówię, że Francja nie ma szans jest po prostu faktem. Uważam, że atakowanie za takie słowa i wiarę w swój zespół jest brakiem szacunku dla swojej reprezentacji...",0,3,1
Francuscy siatkarze o meczu z Polską,Polska 3-1 będzie !!!,0,2,2
Francuscy siatkarze o meczu z Polską,"I znowu Kubiak w roli głównej będzie prowokował Francuzów, co odbije się negatywna gra naszych siatkarzy",0,3,2
Francuscy siatkarze o meczu z Polską,"Kościół zostanie rozniesiony wkrótce, Jezus Chrystus pokój do tego wam zabierze. Jego sprawiedliwosc  jest tak wspaniała jak miłosierdzie, czyli stworzona. A zatem bez niego nie istnieje,Czytaj całość
 nie podskoczysz choćby nie miał racji.",0,1,2
Francuscy siatkarze o meczu z Polską,"wybijcie sobie z pustych łbów żabojady jakiekolwiek marzenia o pokonaniu Polaków ,trzeba znać swoje miejsce w szwregu",0,1,1
Francuscy siatkarze o meczu z Polską,"Francuzom zmiana czasu rozgrywania meczu nie robi absolutnie żadnej różnicy,
a nasi siatkarze a nawet komentatorzy robią z tego sensację i skandal.
I to mają być niby sportowcy.Czytaj całość
 Szokujące.",0,9,4
Mazur: Nie popadajmy w histerię,"Pisowska Klęska Organizacyjna - Jeśli Polska przez kilka dni przygotowuje die do meczu rano a organizatorzy zmieniają na wieczór nie wiadomo dlaczego to znaczy ze maczał w tym palce Rychu Czytaj całość
 C.",0,0,0
Mazur: Nie popadajmy w histerię,"Myślę, że nie ma co przesadzać. Mecz faktycznie jest dość późno, ale mamy do czynienia z profesjonalistami. Już Polacy udowodnili, że skrajne godziny im nie straszne. Będzie dobrze.",0,0,0
Mazur: Nie popadajmy w histerię,"Uważam, że przyjęto niezbyt sprawiedliwy system rozgrywek!  W grupach każdy z każdym - wyłoniono po 4 najlepsze drużyny  - O.K. Półfinały i finały - O.K. Ale w pewnym sensieCzytaj całość
 przypadkowy JEDEN mecz ćwierćfinałowy  - to słaby punkt tego systemu.
  W tej fazie wystarczyłoby dorzucić TYLKO jeden dodatkowy termin i uniknięto by ,,loteryjki,,.
Zamiast spotkań ćwierćfinałowych: 1-sza i 4-ta drużyny  grupy  A rozegrałyby mecze z 2-gą i 3-cią drugiej grupy B (i odwrotnie) i po zaliczeniu meczów wcześniej rozegranych w każdej z tych nowych czterodrużynowych grup pierwsze   drużyny  spotkałyby się w półfinale z drugimi drużynami przeciwnej grupy!",0,1,0
Mazur: Nie popadajmy w histerię,"Jeśli zespół pojechał, wygrać mistrzostwo, a nie tylko ćwierćfinał, nie powinien lekceważyć, wieczornych godzin meczu, bo finał był od dawna zaplanowany, na wieczór, a nie rano.",0,3,0
#dziejesiewsporcie: Polska ma nowy tenisowy talent?! Wideo z synem Janowicza zachwyca,"Ktoś wie, co teraz porabia Janowicz ? Jest z rodziną na utrzymaniu tatusia-biznesmena ?",0,0,0
Bencić: Medal dla Martiny i Rogera,"Martina Higgins, gdy grała była obok Moniki Seles najbardziej znienawidzoną tenisistką przez niemieckie, amerykańskie, angielskie media i polski Eurosport vide Karol ""Bluzgi""Czytaj całość
 Stopa. Dziś młody Rafał Motyka, aby obowiązkowo jakoś wylizać przegranemu w ostatnich latach Rożerowi, propaguje bezkrytycznie między innymi ""złotą myśl"" ograniczonej Bencic ( co za szwajcarskie nazwisko!!) ze Higgins jest jak Rożer wzorem do naśladowania. Hipokryzja do Rożerowej potęgi. - :)",0,0,0
Bencić: Medal dla Martiny i Rogera,"Martina Higgins, gdy grała była obok Moniki Seles najbardziej znienawidzoną tenisistką przez niemieckie, amerykańskie, angielskie media i polski Eurosport vide Karol ""Bluzgi""Czytaj całość
 Stopa. Dziś młody Rafał Motyka, aby obowiązkowo jakoś wylizać przegranemu w ostatnich latach Rożerowi, propaguje bezkrytycznie między innymi ""złotą myśl"" ograniczonej Bencic ( co za szwajcarskie nazwisko!!) ze Higgins jest jak Rożer wzorem do naśladowania. Hipokryzja do Rożerowej potęgi. - :)",0,0,0
Bencić: Medal dla Martiny i Rogera,"Ponoć żona naszej wioslarki zdobyła medal  dla żony Rożera i Karola, Bluzgi ""Stopa.Karol dziękuje.",0,0,0
Bencić: Medal dla Martiny i Rogera,"Ponoć żona naszej wioslarki zdobyła medal  dla żony Rożera i Karola, Bluzgi ""Stopa.Karol dziękuje.",0,0,0
Bencić: Medal dla Martiny i Rogera,"Ponoć żona naszej wioslarki zdobyła medal  dla żony Rożera i Karola, Bluzgi ""Stopa.Karol dziękuje.",0,0,0
Bencić: Medal dla Martiny i Rogera,"Ponoć żona naszej wioslarki zdobyła medal  dla żony Rożera i Karola, Bluzgi ""Stopa.Karol dziękuje.",0,0,0
Bencić: Medal dla Martiny i Rogera,"Ponoć żona naszej wioslarki zdobyła medal  dla żony Rożera i Karola, Bluzgi ""Stopa.Karol dziękuje.",0,0,0
Bencić: Medal dla Martiny i Rogera,"Ponoć żona naszej wioslarki zdobyła medal  dla żony Rożera i Karola, Bluzgi ""Stopa.Karol dziękuje.",0,0,0
Bencić: Medal dla Martiny i Rogera,"Ponoć żona naszej wioslarki zdobyła medal  dla żony Rożera i Karola, Bluzgi ""Stopa.Karol dziękuje.",0,0,0
Bencić: Medal dla Martiny i Rogera,"Ponoć żona naszej wioslarki zdobyła medal  dla żony Rożera i Karola, Bluzgi ""Stopa.Karol dziękuje.",0,0,0
Bencić: Medal dla Martiny i Rogera,"Ponoć żona naszej wioslarki zdobyła medal  dla żony Rożera i Karola, Bluzgi ""Stopa.Karol dziękuje.",0,0,0
Bencić: Medal dla Martiny i Rogera,"Ponoć żona naszej wioslarki zdobyła medal  dla żony Rożera i Karola, Bluzgi ""Stopa.Karol dziękuje.",0,0,0
Bencić: Medal dla Martiny i Rogera,"Ponoć żona naszej wioslarki zdobyła medal  dla żony Rożera i Karola, Bluzgi ""Stopa.",0,0,0
Nie obchodził Niemców. Teraz to bohater,"Dla Zvereva ten medal jest ważny z różnych względów. W Niemczech był źle traktowany. Może teraz to się zmieni.... Ale niech nie zapomina, że laska mediów i kibiców na pstrym koniuCzytaj całość
 jeździ ...",0,0,0
Nadal zaskoczony zachowaniem Djokovicia,"Dziwne to zaczyna być to, że Rafa coraz częściej wypowiada się co do Dżokera, coś mu coraz bardziej przeszkadza najwyraźniej. Tylko czy naprawdę samo zachowanie Dżokera, xzy możeCzytaj całość
 jakiś inny fakt? ;D ;D",0,0,0
Nadal zaskoczony zachowaniem Djokovicia,"@annaadamczyk1: Przyczyna jest prosta. Gdy zamieszczam jeden raz komentarz, po kilku minutachZAWSZE jest  ( niezgodnie z polskim prawem o braku cenzury) usuwany, i często dostaję bana. GdyCzytaj całość
 wkleisz komentarz kilkadziesiąt razy, spółka Motyka & Smoliński jest zbyt leniwa, aby usunąć wszystkie komentarze, ( łamiąc przy okazji polskie prawo). Najwyżej dają bany. Tak spółka Motyka & Smoliński zniszczyła innych komentatorów np. ""fankę Rożera"".",0,0,0
Nadal zaskoczony zachowaniem Djokovicia,"@annaadamczyk1: Przyczyna jest prosta. Gdy zamieszczam jeden raz Akomentarz, po kilku minutachZAWSZE jest  ( niezgodnie z polskim prawem o braku cenzury) usuwany, i często dostaję bana. GdyCzytaj całość
 wkleisz komentarz kilkadziesiąt razy, spółka Motyka & Smoliński jest zbyt leniwa, aby usunąć mój komentarze, ( łamiąc przy okazji polskie prawo). Tak spółka Motyka & Smoliński zniszczyła innych komentatorów np. ""fankę Rożera"".",0,0,0
Nadal zaskoczony zachowaniem Djokovicia,"@Hoe Eye: nie wiem jaka jest przeszkoda umożliwiająca Ci jednokrotne umieszczanie identycznych komentarzy, ale usuń ją. Łatwiej i ciekawiej będzie jeśli każdy zamieści swój komentarzCzytaj całość
 jeden raz.",0,0,0
Nadal zaskoczony zachowaniem Djokovicia,"@Nautilus: zapomniałeś dopisać, że takich ""incydentów"" na igrzyskach doświadczyło wielu tenisistów - Medvedev, Zverev, Busta, Rublov, Shwartzman   itd... poza tym co by nieCzytaj całość
 powiedzieć o Djokoviciu, to akurat on przegrywać potrafi najlepiej z big3 - mało który gracz tak ładnie zachowuje się w stosunku do przeciwnika jak Djokovic.  Widziałeś jak gratulował zwycięstwa Zverevovi i  Buście, czy odwróciłeś wtedy wzrok?
Poza tym łączenie łamania rakiet z nieumyślnym uderzeniem piłką sędziego sprzed roku mówi wiele o Twoich intencjach . ..  no cóż ...",0,0,0
Nadal zaskoczony zachowaniem Djokovicia,"Jak słusznie drąży temat Rafał Motyka, szczujacy od lat na Djokovicia i jego rodzinę, Nole powinien zachowywać się tak, jak idol z dzieciństwa Motyki Rożer Federer i jego guru Karol, ""Bluzgi"" Stopa., świetny ""komentator"", wzór dla Rafała Motyki.",0,0,0
Nadal zaskoczony zachowaniem Djokovicia,"Jak słusznie drąży temat Rafał Motyka, szczujacy od lat na Djokovicia i jego rodzinę, Nole powinien zachowywać się tak, jak idol z dzieciństwa Motyki Rożer Federer i jego guru Karol, ""Bluzgi"" Stopa., świetny ""komentator"", wzór dla Rafała Motyki.",0,0,0
Nadal zaskoczony zachowaniem Djokovicia,"Jak słusznie drąży temat Rafał Motyka, szczujacy od lat na Djokovicia i jego rodzinę, Nole powinien zachowywać się tak, jak idol z dzieciństwa Motyki Rożer Federer i jego guru Karol, ""Bluzgi"" Stopa., świetny ""komentator"", wzór dla Rafała Motyki.",0,0,0
Nadal zaskoczony zachowaniem Djokovicia,"Jak słusznie drąży temat Rafał Motyka, szczujacy od lat na Djokovicia i jego rodzinę, Nole powinien zachowywać się tak, jak idol z dzieciństwa Motyki Rożer Federer i jego guru Karol, ""Bluzgi"" Stopa., świetny ""komentator"", wzór dla Rafała Motyki.",0,0,0
Nadal zaskoczony zachowaniem Djokovicia,"Jak słusznie drąży temat Rafał Motyka, szczujacy od lat na Djokovicia i jego rodzinę, Nole powinien zachowywać się tak, jak idol z dzieciństwa Motyki Rożer Federer i jego guru Karol, ""Bluzgi"" Stopa., świetny ""komentator"", wzór dla Rafała Motyki.",0,0,0
Nadal zaskoczony zachowaniem Djokovicia,"Jak słusznie drąży temat Rafał Motyka, szczujacy od lat na Djokovicia i jego rodzinę, Nole powinien zachowywać się tak, jak idol z dzieciństwa Motyki Rożer Federer i jego guru Karol, ""Bluzgi"" Stopa., świetny ""komentator"", wzór dla Rafała Motyki.",0,0,0
Nadal zaskoczony zachowaniem Djokovicia,"Jak słusznie drąży temat Rafał Motyka, szczujacy od lat na Djokovicia i jego rodzinę, Nole powinien zachowywać się tak, jak idol z dzieciństwa Motyki Rożer Federer i jego guru Karol, ""Bluzgi"" Stopa., świetny ""komentator"", wzór dla Rafała Motyki.",0,0,0
Nadal zaskoczony zachowaniem Djokovicia,"Jak słusznie drąży temat Rafał Motyka, szczujacy od lat na Djokovicia i jego rodzinę, Nole powinien zachowywać się tak, jak idol z dzieciństwa Motyki Rożer Federer i jego guru Karol, ""Bluzgi"" Stopa., świetny ""komentator"", wzór dla Rafała Motyki.",0,0,0
Ranking: Świątek cały czas wysoko,I pewnie ze szczęścia Świątek teraz szlocha...,00,1,0
Ranking: Świątek cały czas wysoko,"Interesujące jest też spojrzeć na h2h Igi z tych ostatnich turniejów. Po Rzymie. Weźmy nawet obie pozycje: ogólny ranking i race. Iga nie wygrała w tych turniejach z nikim z top24.Czytaj całość
 Natomiast wygrała z Kontaveit (to ostatnia topowa zawodniczka z którą wygrała) na RG. Anett jest 24 w Race i 27 w ogólnym. To potwierdza tezę że aktualna pozycja Igi jest w najlepszym przypadku okolicach 25 miejsca. Jej ranking ogólny opiera się przede wszystkim na 2000 punktach za RG2000 (polecą w październiku), a Race na punktach za Rzym i Adelajdę. Za ostatnie turnieje mało punktów. Od RG włącznie jej forma spada. Ostatnim bardzo dobrym meczem z topową zawodniczką był właśnie ten w.wym. z Anett Kontaveit. Poza tym były jedynie zwycięstwa z zawodniczkami z dalszych miejsc rankingowych. No nic, liczmy na poprawę w USA bo z tą obecną formą będzie ciężko utrzymać się nawet w top20.",0,0,0
Ranking: Świątek cały czas wysoko,"PS: Bez prawie 2000 punktów za RG2000 (polecą w październiku) Iga jest koło 25 pozycji. Myślę, że ta pozycja ok top25 odpowiada dość dokładnie jej obecnym wynikom i jej obecnej
formieCzytaj całość
 (RG, Eastbourne, Wimbl, IO). By pozostać w Top10(zresztą również w Race) musiałaby zrobić dobre wyniki w USA. Na to mam nadzieję.",0,1,0
Ranking: Świątek cały czas wysoko,W live na 7 bo poleciały punkty za Rogers Cup 2019 i Bianca spadła za Igę na ósmą.,0,1,0
Ranking: Świątek cały czas wysoko,Dajcie już sobie spokój z tymi odbijaczami piłeczki.Ile są warci przekonaliśmy się w Tokio.,0,3,3
Znów kontrowersje w F1,"Przecież i Max i Perez mogą to samo zrobić za taką samą karę.Do tego prowadzą sedziowie FIA.Mało tego , że to ogromna niesprawiedliwość to jeszcze śmieszne kary...10 sekund dlaCzytaj całość
 Hamiltona i 5 pozycji dla Bottasa....żenua.",0,0,0
Co z Kubicą w F1? Padł termin decyzji,Pan Robert to powinien juz jakims ekspertem zostac czy co..niedlugo bedzie juz tylko posmiewiskiem,0,0,0
Co z Kubicą w F1? Padł termin decyzji,"He he he , Kubica staje się ""legendom"" Kuczery ,a następnym razem to będzie zbiórka na pomnik...",0,0,0
Co z Kubicą w F1? Padł termin decyzji,"czyli nic nowego, ale nie zdziwie sie, ze osrajtkowi sie w koncu uda, on potrzebuje dobre newsy o sobie, bo ostatnio jest cienko...",0,0,0
Co z Kubicą w F1? Padł termin decyzji,a może bajtek weźmie go na polewoja przy dystrybutorze ?,0,1,1
Co z Kubicą w F1? Padł termin decyzji,"Ta nie kończąca się saga WP SF o powrocie R. Kubicy do ścigania w F1, ma podłoże wręcz DEWIACYJNE(!!!) i porównywana jest z ...  rokroczną sagą zmiany barw klubowych przez R.Czytaj całość
 Lewandowskiego. To wszystko powoduje że NIE CHCE MI SIĘ JUŻ WIĘCEJ Was czytać - bo dostaję odruchów wymiotnych.",0,1,1
Co z Kubicą w F1? Padł termin decyzji,"kibuca czuje pissmo swoim wielkim  nochalem ze nic z tego jego latania po torach raczej nie bedzie,in my opinion...czas zeby sie przebranzowil,moze jakis sklepik z pamiatkami,knajpa zCzytaj całość
 maca&cholent..swoja droga,cholent jest naprawde OK,spozywalem bardzo dawno temu  w Krakowie,knajpa nazywala sie ariel,zaskakujaco dobra gesina.  :)",0,1,2
Co z Kubicą w F1? Padł termin decyzji,Każdy pretekst pozwala redaktorowi spowodować czkawkę Kibicy i Orlenu z Obajtkiem!   ;),0,1,1
Koronawirus spustoszył organizm mistrza?,Lewis zacznij jeść mięso i problemy znikną.,0,0,0
Koronawirus spustoszył organizm mistrza?,"Komentarze kosmitów, o tym że koronawirusa nie ma. 
3 - 2- 1- Start!!!",0,0,0
Koronawirus spustoszył organizm mistrza?,Szczególnie mózg mu spustoszył,0,1,0
Aston Martin się nie poddaje ws. Vettela,Normalna kombinacja by Hamilton był jak najwyżej.FIA dalej działa.,0,1,0
Dramat Vettela! Dyskwalifikacja z GP!,"Skasowanie rywala - żałosne 10 sekund kary.
Zniszczenie komuś wyścigu - żałosna kara 5 miejsc na starcie i 2 punkty karne.
Przejechanie linii do pit stopu - 5 sekund kary.
PrzekroczenieCzytaj całość
 prędkości w alei serwisowej - kara stop&go.
Za mało paliwa - dyskwalifikacja.
Blokowanie podczas okrążenia kwalifikacyjnego - NIC!

Leśne dziady(bo tak trzeba ich nazwać po imieniu) FIA to osoby które nie powinny mieć tych stanowisk. F1 nie ma już kompletnie nic ze ścigania bo pierwsze skrzypce grają tylko FIArcedes, FIAmilton i leśne dziady FIA.",0,3,0
Dramat Vettela! Dyskwalifikacja z GP!,"Po co mieszać w to koszulkę i łączyć reprymendę sędziów za LGBT z dyskwalifikacją za brak paliwa. Z tekstu można wyczytać, że reprymenda za LGBT też była powiązana zCzytaj całość
 dyskwalifikacją. Uczysz się Kuczera dziennikarstwa tutaj ?",0,0,0
Alfa Romeo nie uczy się na błędach,"""Koszmar zespołu Roberta Kubicy"" - dobrze, że w artykule nie ma niczego o Kubicy. To jest popis tytułowymyśliwacza - dostaje pewnie premię za napisanie słowaCzytaj całość
 ""Kubica"".
Jest gra słowna, w której trzeba mówić ""pomidor"".",0,0,0
Vettel ukarany. Za koszulkę LGBT,Fetel to kukold niestety ;),0,0,0
Vettel ukarany. Za koszulkę LGBT,Co za homofoby tu się wypowiadają??,0,0,1
Vettel ukarany. Za koszulkę LGBT,"Vettel jako sportowiec skończył się kilka lat temu. Wie, że w sporcie nic już nie osiągnie, a chce, żeby o kim nadal było głośno. Żenada...",0,5,3
Vettel ukarany. Za koszulkę LGBT,"degeneraci są w każdym środowisku. trzeba dawać odpór, bo gnojowica się rozlewa i cuchnie niemiłosiernie.",0,2,2
Vettel ukarany. Za koszulkę LGBT,"A dlaczego Hamilton nie zostal ukarany nawet reprymenda kiedy zdjal koszulke z napisem Black Lives Matter, a pod spodem mial inna koszulke, z napisem nawiazujacym do smierci czarnej kobiety wCzytaj całość
 mieszkaniu, rzekomo zastrzelonej przez policjantow  ??? :)   Jak widac sa rowni i rowniejsi :(",0,5,0
Vettel ukarany. Za koszulkę LGBT,"A my żyjemy w polska i nas to nie obchodzi, bo my mamy pis.",0,0,1
Vettel ukarany. Za koszulkę LGBT,"A ja się pytam dlaczego on i jemu podobni nie robi takich gestów np. w Abu Zabi lub Bahrajnie. Odpowiedź jest prosta, nie mają odwagi. Gdyby zrobił coś takiego w krajach arabskich toCzytaj całość
 przykre konsekwencje spotkałby nie tylko jego i jego zespół, ale także samą F1.",0,8,3
Vettel ukarany. Za koszulkę LGBT,A czy Ventyl już jest po swoim komik ałcie?,0,5,3
Robert Kubica już nie jest ostatni,"Na siłę aby tylko coś o Kubicy napisać, nie ważne co.",0,0,0
Robert Kubica już nie jest ostatni,"Kuczera pomysł na ""artykuł"" o Kubicy imponujący...:))) Z d..py z czapy czy z kosmosu.",0,0,0
Robert Kubica już nie jest ostatni,No w końcu Russel ukisił jakieś punkty i może spokojnie udać się na ustawki do Mercedesa ale Latifi i tak lepszy,0,0,1
Sędziowie bezlitośni dla Bottasa,"Valtieri melduje wykonanie zadania !!!! Max wyeliminowany , czarna małpa może spokojnie wygrać.",0,0,0
Sędziowie bezlitośni dla Bottasa,"Śmieszna kara 5 pozycji do tyłu, bez problemu może to odrobić nawet na pierwszym okrążeniu najlepszym bolidem w stawce. Dyskwalifikacje jego to najsprawiedliwsza kara!!!",0,0,0
Sędziowie bezlitośni dla Bottasa,"""Bezlitośni""? No bez jaj. Gość praktycznie wyeliminował z wyścigu 4 kierowców (w tym jednego walczącego o mistrzostwo i jednego znajdującego się obecnie na trzecim miejscu wCzytaj całość
 klasyfikacji ogólnej) i to jest ""bezlitosna"" kara? Porównajcie sobie tę karę z karami (czasowymi i punktowymi), które dostawali kierowcy w tym sezonie za drobne przewinienia (incydenty wyścigowe, najechanie linii zjazdu do alei serwisowej itp.) i cholerną DYSKWALIFIKACJĄ Vettela za nieprzepisową ilość paliwa do kontroli. To jest jakiś cyrk, ręce opadają.",0,1,0
Sędziowie bezlitośni dla Bottasa,"Vijderst, w dychę trafiłeś z opisem tej parówy :) One shot shit ma ostre rozsiane zapalenie mózgu. Na to już nie ma lekarstwa. Tak samo jak nie ma szczepionki na głupotę. Tu już tegoCzytaj całość
 d#ebila nikt nie czyta. Wije się ten płaz, pluje jadem i wyzywa innych od czopów. A tak naprawdę bidok jest starym koniem, który się jeszcze nawet nie usamodzielnił. Wciąż ćw@ok mieszka u rodziców i żyje na ich garnuszku. A do tego jest alkoholikiem ze zniszczoną wątrobą. Ta gnida próbuje się tu dowartościować, bo wszyscy wokół traktują go jak śmiecia@.",0,2,0
Sędziowie bezlitośni dla Bottasa,"Paz zrobil swoje, praktycznie wyeliminowal za jednym zamachem obydwa bolidy Red Bull, (a ze przy okazji ucierpieli inni kierowcy, to juz nie ma zanczenia) a o to przeciez chodzilo :)  A to, zeCzytaj całość
 cofna Go o 5 miejsc w Spa, to juz male piwo, On sie cieszy, ze jest dobrym parobkiem i za do Mu placa :(  Zadnej ambicji u tego faceta :( 
Nie ma sie co dziwic, ze kiedy Rosberg jezdzil w Mercedesie, to stosunki miedzy Nim i LH byly na ostrzu noza bo Nico nie pozwolil tak soba pomiatac, i jak trzzeba bylo stanac okoniem, nie to robil.",0,4,0
Sędziowie bezlitośni dla Bottasa,"Kara śmieszna, w incydencie pośrednio wyleciało 4 kierowców a ten giermek dostanie karę przesunięcia o 5 miejsc na starcie z najszybszym samochodem w stawce, zawieszenie na 1 wyścig naCzytaj całość
 pewno dałoby do myślenia następnym razem a przy tej karze tylko wjeżdżać bez konsekwencji w konkurentów aby umożliwić zdobycie tytułu swojemu Panu.",0,5,0
Sędziowie bezlitośni dla Bottasa,Jest biały to można go ukarać.Kara dla czarnego to rasizm.,0,5,1
GP Węgier wywróciło sytuację w F1,"Jest klasyfikacja kierowców, ale nie widzę drajwera błyskawicy. Gdzie jesteś Robert? Wujek nie opłacił żetonów na karuzelę? Srebrników zaczyna brakować?",0,0,1
GP Węgier wywróciło sytuację w F1,"Nic dziwnego że prowadzi najpierw Hamilton ustrzelił Verstapena a dziś Botos ustrzelił Verstapena.Za takie zagrywki Mercedes powinien zostać surowo ukarany ! Botas kara 5 pozycji a HamiltonCzytaj całość
 10 sek przy zmianie opon -śmiechu warte.",0,2,2
Rozpoznajesz polskie i światowe legendy?,No patrzcie a ja cały czas myślałem że Małachowski jest dyskobolem. :),0,0,0
Rozpoznajesz polskie i światowe legendy?,11 trafnych  cztery pudło.,0,0,0
Egipt mknie jak burza w piłce ręcznej,"Z całym szacunkiem dla sportowców , ale grupa B to grupa wakacyjna i w ćwierćfinałach  to sie okaże !",0,0,0
Remili błysnął w ofensywie,WEDLUG MOJEJ WIEDZY WISLA PLOCK MA ZOSTAC MISTRZEM POLSKI W............2099r .....kręci juz film podobno George Lucas,0,2,1
Remili błysnął w ofensywie,"1947.......a czemu akurat w czwartek piszesz z tego konta,,,,,,,dzis napisz z konta 102 hhhhaaaa,,,nie znasz goscia?
ok ja tez nie znam....tylko wiem ze nadaje z konta ze wsi spod BILGORAJU,,,,Czytaj całość
 tak jak ty...czy ty czasem nie jestes Sołtysem?",0,1,0
Remili błysnął w ofensywie,Przegrywy z LM poniżone przez emerytów z Nantes piszą coś o pucharach europejskich :P No ludzie kochane.,0,1,0
Remili błysnął w ofensywie,@z tumskiego wzgórza 102: to kiedy gracie te eliminacje do pucharu pasztetowej? :),0,2,0
Remili błysnął w ofensywie,"No przecież Złoty Leżak kiedyś pod artykułami o Mistrzostwach Świata kobiet pisał o Wiśle :D Ci kolesie podejrzewam że jak na wakacje jadą to dokupują potrójny pakiet roamingu żebyCzytaj całość
 śledzić to co się dzieje w klubie z Płocka buehehe",0,1,3
Remili błysnął w ofensywie,Płaczek ogląda mecz (o ile ma w piwnicy zasięg) z REMILIM ale nic go to nie obchodzi bo on myśli w tym momencie o Wiśle :P Co za obsesja.,0,1,0
Remili błysnął w ofensywie,Uderz w stół a nożyce.... frustracja u przegrywów sięga zenitu ! I to mi się podoba.,0,0,0
Remili błysnął w ofensywie,"To fajnie masz w piwnicy jak myślisz o Wiśle czytając artykuł o występie Francji na IO. Boisz się tych przenosi co? To już postanowione, po prostu byłeś za słabym kibicem żebyCzytaj całość
 utrzymać Bertusa",0,1,1
Remili błysnął w ofensywie,"Wiem , że Remili dołączy do Iskierki dopiero za rok , ale przegrywy już się trzęsą z przerażenia i nie śpią po nocach. Znając życie zaraz coś napiszą o Bertusie i jego planachCzytaj całość
 przeniesienia klubu do Warszawy. Buahahaha. No cóż jak się nie ma żadnych argumentów czysto sportowych to pozostaje snucie teori spiskowych !",0,1,1
Nowy gracz Łomży Vive już opuści Kielce,"Monte Cristo dostał białej gorączki a tymczasem Bertus na Twitterze znowu płacze że mu pieniędzy mało :P Czy ten facet myśli o czymś innym niż o $? Wenta, daj mu wreszcie ten zasiłekCzytaj całość
 bo przecież chłopina się odwodni od tego ciągłego płaczu!",0,0,0
Nowy gracz Łomży Vive już opuści Kielce,"Tatusia oszukasz , mamusię też oszukasz , ale rzeczywistości nie oszukasz ! Możesz się odszczekiwać i wypisywać bzdury , w które sam nie wierzysz , ale prawda jest taka że twoja WisłaCzytaj całość
 zdechła ! A najlepsze jest to , że ty doskonale zdajesz sobie z tego sprawę i tymi bzdurami , które wypisujesz próbujesz podnieść sobie morale . Spójrz prawdzie w oczy , jesteście skończeni i nawet EHF nie traktuje was poważnie.",0,2,1
Nowy gracz Łomży Vive już opuści Kielce,"@Mikady w którym miejscu. Prezes Żółtych grozi wyprowadzką jak nie dostanie kasy? Grozi. Wyniósł się sam do Warszawy razem ze swoimi firmami i podatkami? Wyniósł. Łomża nie możeCzytaj całość
 wygrać już z Wisłą? Nie może - spójrz na górę strony , tam jest wynik ostatniego meczu. Wisła wzmocniła się 4 etatowymi , podstawowymi i aktualnymi zawodnikami swoich reprezentacji? Wzmocniła się. Więc nie płacz. A jak cię boli trollownia tutaj to zacznij od swojej, domowej.",0,0,1
Nowy gracz Łomży Vive już opuści Kielce,"Nie z żadnych Kielc tylko z Łomży (z tą nazwą i z tym miastem jest już kojarzony żółty klubik) a wkrótce - z Warszawy :) Możesz się faflunić, możesz się zapluwać aleCzytaj całość
 nieuniknionego nie zatrzymasz. Ale nie przejmuj się. Miesięczny na PKS sobie kupisz , będziesz dojeżdżał, zresztą wylotówka na Warszawę to w niedzielę pełna jest kieleckich słoików którzy uciekają gdzie tylko mogą. Boli cię po prostu że Wisła (z którą i tak już nie potraficie wygrać) wzmocniła się 4 etatowymi reprezentantami swoich krajów i jest faworytem w nadchodzących rozgrywkach. Ale będzie grillowańsko trolli. A podobno ""mieliśmy zniknąć"". Buahahahaha. Wieczna beka z memów.",0,0,1
Nowy gracz Łomży Vive już opuści Kielce,"Naczelny błazen nie może zcierpieć , że 4 zawodników z Kielc występuje na igrzyskach , a patałachy z jego upadłego klubiku olimpiadę mogą co najwyżej oglądać w eurosporcie. ZaCzytaj całość
 słabi na olimpiadę , za słabi na mistrzostwo Polski , za słabi na puchar Polski , za słabi na puchar przegrywów . Jedynie do tarcia chrzanu się nadają , chociaż w to też wątpię !",0,1,1
Nowy gracz Łomży Vive już opuści Kielce,"@Mikady - pewnie odniesie się zaraz po tym jak zajmie się łomżyńskimi regularnymi trollami i prowokatorami takimi jak Złoty Bogdan który od 10 (!) lat ujada tutaj na Wisłę ale jakoś ciCzytaj całość
 to nie przeszkadza. Obłudniku.",0,0,0
Nowy gracz Łomży Vive już opuści Kielce,"""Nawet nie zdążył dobrze poznać miasta, a już czeka go podróż na drugi koniec świata.""
W Łomży to nie pierwszyzna , Potężny Haukur (o którego Łomża biła się naCzytaj całość
 pięści z całym światem) jest zawodnikiem tego klubiku od ponad roku a na Podlasiu spędził.... kilka dni. W tym ostatni ""wyjazd"" to było nakręcenie klipu wideo LOL :P",0,0,1
Nowy gracz Łomży Vive już opuści Kielce,"W Hiszpanii robi się to co u nas czyli najstarsi odchodzą a nie ma następców. Kiedy mieli silną ligę to ci młodzi mieli się gdzie rozwijać, potem nastąpił exodus trenerówCzytaj całość
 hiszpańskich, spadły budżety klubów itd. Nie ma następców Entrerriosa, Sarmiento, Canellasa, teraz największą ich silą jest 2 świetnych bramkarzy oraz aktywna obrona. W ataku już nie jest kolorowo, przesuwanie Alexa na środek rozegrania, odkurzenie Gurbindo, przeciętny Maqueda. Gdyby Dani był zdrowy to by występował w pierwszym składzie i do tego bardzo dużo, MŚ grali głównie Dani-Raul-Alex + zmiany.",0,1,0
Nowy gracz Łomży Vive już opuści Kielce,"A ""gladiatora"" nie dowołali? No co ten Jordi Ribera? Co on nafciarek nie czyta? :)",0,4,0
Nowy gracz Łomży Vive już opuści Kielce,"Hiszpania bez morrosa nic nie ugra, dzisiaj przegrała z Francuzami 31:37. Francuzi grają bardzo dobrze tylko dlatego że funkcjonuje u nich lewe rozegranie - jest Nguessan, który byłCzytaj całość
 kontuzjowany na MŚ i Karabatic. Na poprzednim turnieju grali tam przeważnie lagarde i acquevillo, więc nie ma tutaj porównania. Stawiam na finał Francja- Dania.",0,1,0
Nowy gracz Łomży Vive już opuści Kielce,"Wróci z medalem do Kielc tak jak jego koledzy. Bardzo mocni są Duńczycy, również Francuzi. Szwedzi mimo takiej sobie postawy, wygrywają i będą zaliczani do faworytów. Miejsc tylko 3.Czytaj całość
 Moja trójka to Dania, Hiszpania, Szwecja.",0,3,0
To będzie przepis na złoto?!,"Poczekajcie trochę. Wiem, że chodzi o szybkie zamieszczenie reklam przez SF, jednak poczekajmy jeszcze. A skąd ona wie o niesamowitym wsparciu? Jej nie chodzi o nas jako kibiców. Ona piszeCzytaj całość
 do konkretnych firm i osób - coś za coś...",0,0,0
Cyrk podczas finału rzutu dyskiem kobiet,"""Co one wyprawiały"", redaktorku???

Wyprawiali owszem, ale durni sędziowie, nakazując rzuty w takich warunkach. Aż szkoda że żaden nie oberwał dyskiem w pusty baniak.",0,0,0
Cyrk podczas finału rzutu dyskiem kobiet,"ważne ,ze wygrala Amerykanka a nie Niemka",0,0,1
Cyrk podczas finału rzutu dyskiem kobiet,"Tytułowymyśliwacz niby zażartował. Dobrze, że w artykule nie porównanie zawodniczek/kobiet na przykład do małp, osłów i klaunów.  Mogły by być kłopoty...",0,0,0
Polka modliła się przed startem!,"""Polska olimpijka przed startem aż musiała się pomodlić""???? Hańba...SKANDAL aby japończycy zmuszali zawodników do modlitwy!!!!!!!!!!!!!!!!!!",0,0,1
Polka modliła się przed startem!,""" Dobry bieg naszej zawodniczki. Wydaje się, że w tych warunkach nie mogła dużo więcej osiągnąć - analizował komentator Eurosportu Marek Rudziński."" Szkoda że tylko naszejCzytaj całość
 nalało na tor, stąd taki wynik. Strata prawie 3 s do pierwszej świadczy o nieszczerej modlitwie.",0,1,1
Polka modliła się przed startem!,"Jakby się nie ""modliła"", a skupiła na starcie, to by może i ten bieg wygrała !!!!",0,2,2
Polka modliła się przed startem!,"Pani się modliła i niebo ją wysłuchało spadł deszcz, dlatego jest dobre wytłumaczenie że nasza pani turystka nie przeszła do finału. Brawo wnoszę aby panią sportsmenkę turystkę naCzytaj całość
 której był dokonany cud Kardynał Don Slawislao zgłosił do beatyfikacji.",0,2,1
Polka modliła się przed startem!,Japończycy pod presją telewizji wypaczają istotę sportowych zmagań?,0,2,0
Polka modliła się przed startem!,"Ale kogo obchodzi co robi zawodnik przed startem. Muzułmanka startowała w hidżabie wielka sensacja, teraz modlitwa. Ja wiem że nie ma o czym pisać bo Polska prawie nic nie zdobyła ale bezCzytaj całość
 przesady.",0,1,0
Polka modliła się przed startem!,"Ważny jest wynik. Zawodnikowi modlitwa pomaga mentalnie przed startem i nikomu nic do tego. Kubacki i kilku skoczków też modlą się przed skokiem i też byli tacy których to bolało. OjCzytaj całość
 tolerancja tylko w jedną stronę.",0,1,0
Polka modliła się przed startem!,"Może święty JPII , przebiegł jej drogę , bo lubił sport , a ona nie chciała potrącić ?",0,0,2
Polka modliła się przed startem!,"Od trzech dni czytam z niedowierzaniem , ciagla sie pisze ze Polska zdobyla zloty medal  to ile juz mamy tych medali w tej sztafecie  4x400 m ???? ja uwazam ze taki medal mozna zdobyc tylko razCzytaj całość
 ?   a o historii  zdobycia medalu mozna pisac i 4 lata. Na Olimpiadach  w tym czasie Polska miala juz kika zlotych  i wiele innych  medali. Ale sukses musi byc mimo ze to klastwa.Polska bez  sukcesu jest skazana na ostratyzm.",0,0,1
Polka modliła się przed startem!,"Aż powstał artykuł!
Dobrze, że organizatorzy nie usunęli modlącej się z toru lub nie pytali Białorusinów jak odesłać ją do domu   ;)",0,1,0
Polka modliła się przed startem!,"Dlaczego że sportowcami nie poleciał ksiądz nawet pedofil,  tylko przynoszący pecha Duda ? Amen !!!!!!!!!",0,2,2
Ambasador RP spotkał się z Cimonauską,Trzeba ludziom pomagać.,1,1,0
Piekielnie szybki półfinał na 200 metrów,"Wyniki półfinałów na 400 metrów (43,88 oraz 43,93) skojarzyły mi się z finałem  z igrzysk w Meksyku  w 1988. Wygrał wówczas Lee Evans (43,86) przed Larrym Jamsem (43,97).
MożecieCzytaj całość
 sprawdzić  ;)",0,0,0
Koszmarne chwile podczas eliminacji,"Miała szczęście, Ani Rogowskiej kiedyś złamana tyczka uszkodziła dłoń.",0,0,0
Koszmarne chwile podczas eliminacji,"Szkoda ze ta tyczka  pekla  , taka tyczka powinna byc tak wykonana zeby nie przebila brzucha zawodniczki , co nie ?",0,0,0
Hassan z dwoma sukcesami jednego dnia,"przeciez to jest afrykanka, (z Etiopi, od 2008 obyw. holenderskie)  wiec nie zatrzymala afrykanskiej dominacji.....",0,0,0
Joanna Linkiewicz bez awansu do finału,"Miała wyraźnego pecha wylosował tor nad którym była ulewa. Innym zawodniczkom udalo soe wylosowali tory nad którymi sweciło słonce. Piepszenie kotka przy pomocy młotka Polacy sąCzytaj całość
 generalnie nedzni Sport polski spadł na dno Zreszta jak wszystko Oświata, medycyna Wszedzie wielkie PIS-owskie sciemnianie A roboty zero I wyników zero Dwa medale Jeden na tydzien To wstyd jedynie",0,0,0
Joanna Linkiewicz bez awansu do finału,"Złej baletnicy przeszkadza rąbek przy spódnicy,przysłowia są mądrością Narodu.Współzawodniczki miały takie same warunki i one potrafiły osiągnć cel(awans do finału)a naszaCzytaj całość
 zawodniczka mjejsce bez kwalifikacji.",0,0,0
Joanna Linkiewicz bez awansu do finału,Świetny występ Polki na igrzyskach. Gratulacje! :-),1,0,0
Joanna Linkiewicz bez awansu do finału,"To jest skandal jak bylo mozna wybrac taka pogode na rozegranie  konkurencji ??? Nasza dzieweczyna caly czas byla przygotowywana  na bieg w sloncu i 40°C . Inne zawodniczki oszukaly i trenowalyCzytaj całość
 tylko na mokrej biezni. Dlatego nasza odpadla.",0,0,0
Joanna Linkiewicz bez awansu do finału,"Zwalać na deszcz to jej raczej nie wypada , bo akurat jej tor to był suchy...",0,1,0
Joanna Linkiewicz bez awansu do finału,"I tak waraca z rekordem zyciowym i wystepem w polfinale. Osobiscie mysle, ze kiedy sa 3 serie zamiast dwu w polfinale, chyba powinnismy mowic po polsku ""trzeciafinalu,"" a po angielskuCzytaj całość
 ""trifinal.""",0,1,1
To będzie przepis na złoto?!,"Poczekajcie trochę. Wiem, że chodzi o szybkie zamieszczenie reklam przez SF, jednak poczekajmy jeszcze. A skąd ona wie o niesamowitym wsparciu? Jej nie chodzi o nas jako kibiców. Ona piszeCzytaj całość
 do konkretnych firm i osób - coś za coś...",0,0,0
EBL. Astoria znów lepsza od Anwilu,Yannick Franke zagra w drużynie Trefla Sopot.,0,0,0
EBL. Astoria znów lepsza od Anwilu,"Nie rozumiem dlaczego wybiórczo traktujecie wyniki meczów przedsezonowych. Fajnie wiedzieć że Astoria drugi raz pokonała Anwil ale chciałbym też dowiedzieć się jak grali inni np. Arka zCzytaj całość
 Czarnymi?",0,0,0
Będzie wielki hit w ćwierćfinale!,"""Aktualni mistrzowie świata kontra wielki faworyt imprezy, czyli USA kontra Hiszpania!"" Zaraz zaraz. Komuś się powaliła kolejność. Jak już to ""[...], czyli Hiszpania kontraCzytaj całość
 USA"". Coraz więcej cymbałów tworzy na SF. W innej robocie na bułkę byście nie zarobili bo za brak umiejętności i błędy na każdym kroku po porostu się nie płaci.",0,0,0
Serge Ibaka podjął decyzję,"kurde a myślałem ,że zagra w.....ZG !",0,0,0
Legia buduje formę na przyszłość,"Legia zatem w tym okienku ograła Anwil, ale przegrała z HydroTruckiem - chyba było wszystko odwrotnie ale Pan Redaktor zamieszał",0,0,0
Durant przeszedł do historii kadry USA,"Jak można napisać, że ""zaczęli od 7:17""? Mecz zaczyna się od 0:0 i ewentualnie można zacząć od 1,2,3 lub 4 punktów gdy pierwszy rzut będzie za 3 plus faul. Idiotów autorówCzytaj całość
 sporo.",0,0,1
Obrazek ze studia TVP chwyta za serce!,Pamiętam Jana i Piotra Michalików z Siły Mysłowice - stare czasy...,0,0,0
Obrazek ze studia TVP chwyta za serce!,Mentalne wsparcie ze studia TVP nie ma siły na macie  ;),0,0,0
Obrazek ze studia TVP chwyta za serce!,"Pełny szacunek dla Pani Moniki jak również Jej brata Tadeusza się należy , brawo.",1,0,0
Najbrutalniejsze nokauty na gołe pięści,"Co za barbarzyństwo ,kolejny to będzie na siekiery a chirurdzy zacierają ręce ...",0,0,0
Michalik: Chciałem go zaskoczyć,"Zaraz zaraz, ile to medali powiesili polskim zawodnikom przed igrzyskami? 22?",0,0,0
Michalik: Chciałem go zaskoczyć,szkoda,0,0,0
Amerykanka odarła Polkę z nadziei,"Ja czegos nie rozumie - zeby wygrac  jakis medal nalezy sie ukladac i uzgadniac przed walka  
  z reprezentantka innego kraju , kto ma z kim wygrac lub przegrac ????",0,0,0
Polak powalczy o brąz,"KTO TO PISAŁ??? ""Jednak na nabawił się kontuzji i padł na matę. Po chwili jednak wrócił do walki. Irańczyk jeszcze jeden punkt po nieudanym challenge'u. Mohammadhadi SaraviCzytaj całość
 atakował, ale nie zdoałał zmienić losu pojedynku.""",0,3,0
Polak powalczy o brąz,Życie walka z ame' kosztowało go zbyt wiele wysiłku.,0,0,0
Polak nie mógł powstrzymać łez,"Młodzieżowo. ""Masakra"". Co za prymitywne słownictwo redaktorów, sportowców i im po dobnych. Mógł po wiedzieć jeszcze precyzyjniej, ""Zaj***ście"".",0,0,0
Michalik blisko medalu w zapasach!,Z tego co pamiętam jak trenowalem zapasy Sobieski Poznań był to klub stylu klasycznego.  Chyba ze sie coś zmieniło po 15 latach to przepraszam.,0,0,0
